,image,Naveen,Raghav,,,,,Neutral,0,,,,,,,Naveen,,,
0,0_1,0,0,,,,,Boredom,1,,,,,Boredom,Engagement,Confusion,Frustration,Neutral,Total
1,0_2,0,0,,,,,Engagement,2,,,,Boredom,48,2,15,6,9,80
2,0_3,0,0,,,,,Confusion,3,,,,Engagement,23,51,35,15,21,144
3,0_4,0,0,,,,,Frustration,4,,,Raghav,Confusion,5,39,28,26,16,114
4,0_5,0,0,,,,,,,,,,Frustration,16,20,16,31,13,96
5,0_6,0,0,,,,,,,,,,Neutral,15,19,17,5,1150,1206
6,0_7,0,0,,,,,,,,,,Total,107,131,111,83,1209,1641
7,0_8,0,0,,,,,,,,,,,,,,,,
8,0_9,0,0,,,,,,,,,,Kappa,0.83,,,,,
9,0_10,0,0,,,,,,,,,,,,,,,,
10,1_1,0,0,,,,,,,,,,,,,,,,
11,1_2,0,0,,,,,,,,,,,,,,,,
12,1_3,0,0,,,,,,,,,,,,,,,,
13,1_4,0,0,,,,,,,,,,,,,,,,
14,1_5,0,0,,,,,,,,,,,,,,,,
15,1_6,0,0,,,,,,,,,,,,,,,,
16,1_7,0,0,,,,,,,,,,,,,,,,
17,1_8,0,0,,,,,,,,,,,,,,,,
18,1_9,0,0,,,,,,,,,,,,,,,,
19,1_10,0,0,,,,,,,,,,,,,,,,
20,2_1,0,0,,,,,,,,,,,,,,,,
21,2_2,0,0,,,,,,,,,,,,,,,,
22,2_3,0,0,,,,,,,,,,,,,,,,
23,2_4,0,0,,,,,,,,,,,,,,,,
24,2_5,0,0,,,,,,,,,,,,,,,,
25,2_6,0,0,,,,,,,,,,,,,,,,
26,2_7,0,0,,,,,,,,,,,,,,,,
27,2_8,0,0,,,,,,,,,,,,,,,,
28,2_9,0,0,,,,,,,,,,,,,,,,
29,2_10,0,0,,,,,,,,,,,,,,,,
30,3_1,0,0,,,,,,,,,,,,,,,,
31,3_2,0,0,,,,,,,,,,,,,,,,
32,3_3,0,0,,,,,,,,,,,,,,,,
33,3_4,0,0,,,,,,,,,,,,,,,,
34,3_5,0,0,,,,,,,,,,,,,,,,
35,3_6,0,0,,,,,,,,,,,,,,,,
36,3_7,0,0,,,,,,,,,,,,,,,,
37,3_8,0,0,,,,,,,,,,,,,,,,
38,3_9,0,0,,,,,,,,,,,,,,,,
39,3_10,0,0,,,,,,,,,,,,,,,,
40,4_1,0,0,,,,,,,,,,,,,,,,
41,4_2,0,0,,,,,,,,,,,,,,,,
42,4_3,0,0,,,,,,,,,,,,,,,,
43,4_4,0,0,,,,,,,,,,,,,,,,
44,4_5,0,0,,,,,,,,,,,,,,,,
45,4_6,0,0,,,,,,,,,,,,,,,,
46,4_7,0,0,,,,,,,,,,,,,,,,
47,4_8,0,0,,,,,,,,,,,,,,,,
48,4_9,0,0,,,,,,,,,,,,,,,,
49,4_10,0,0,,,,,,,,,,,,,,,,
50,5_1,0,0,,,,,,,,,,,,,,,,
51,5_2,0,0,,,,,,,,,,,,,,,,
52,5_3,0,0,,,,,,,,,,,,,,,,
53,5_4,0,0,,,,,,,,,,,,,,,,
54,5_5,0,0,,,,,,,,,,,,,,,,
55,5_6,0,0,,,,,,,,,,,,,,,,
56,5_7,0,0,,,,,,,,,,,,,,,,
57,5_8,0,0,,,,,,,,,,,,,,,,
58,5_9,0,0,,,,,,,,,,,,,,,,
59,5_10,0,0,,,,,,,,,,,,,,,,
60,6_1,0,0,,,,,,,,,,,,,,,,
61,6_2,0,0,,,,,,,,,,,,,,,,
62,6_3,0,0,,,,,,,,,,,,,,,,
63,6_4,0,0,,,,,,,,,,,,,,,,
64,6_5,0,0,,,,,,,,,,,,,,,,
65,6_6,0,0,,,,,,,,,,,,,,,,
66,6_7,0,0,,,,,,,,,,,,,,,,
67,6_8,0,0,,,,,,,,,,,,,,,,
68,6_9,0,0,,,,,,,,,,,,,,,,
69,6_10,0,0,,,,,,,,,,,,,,,,
70,7_1,0,0,,,,,,,,,,,,,,,,
71,7_2,0,0,,,,,,,,,,,,,,,,
72,7_3,0,0,,,,,,,,,,,,,,,,
73,7_4,0,0,,,,,,,,,,,,,,,,
74,7_5,0,0,,,,,,,,,,,,,,,,
75,7_6,0,0,,,,,,,,,,,,,,,,
76,7_7,0,0,,,,,,,,,,,,,,,,
77,7_8,0,0,,,,,,,,,,,,,,,,
78,7_9,0,0,,,,,,,,,,,,,,,,
79,7_10,0,0,,,,,,,,,,,,,,,,
80,8_1,0,0,,,,,,,,,,,,,,,,
81,8_2,0,0,,,,,,,,,,,,,,,,
82,8_3,0,0,,,,,,,,,,,,,,,,
83,8_4,0,0,,,,,,,,,,,,,,,,
84,8_5,0,0,,,,,,,,,,,,,,,,
85,8_6,0,0,,,,,,,,,,,,,,,,
86,8_7,0,0,,,,,,,,,,,,,,,,
87,8_8,0,0,,,,,,,,,,,,,,,,
88,8_9,0,0,,,,,,,,,,,,,,,,
89,8_10,0,0,,,,,,,,,,,,,,,,
90,9_1,0,0,,,,,,,,,,,,,,,,
91,9_2,0,0,,,,,,,,,,,,,,,,
92,9_3,0,0,,,,,,,,,,,,,,,,
93,9_4,0,0,,,,,,,,,,,,,,,,
94,9_5,0,0,,,,,,,,,,,,,,,,
95,9_6,0,0,,,,,,,,,,,,,,,,
96,9_7,0,0,,,,,,,,,,,,,,,,
97,9_8,0,0,,,,,,,,,,,,,,,,
98,9_9,0,0,,,,,,,,,,,,,,,,
99,9_10,0,0,,,,,,,,,,,,,,,,
100,10_1,0,0,,,,,,,,,,,,,,,,
101,10_2,0,0,,,,,,,,,,,,,,,,
102,10_3,0,0,,,,,,,,,,,,,,,,
103,10_4,0,0,,,,,,,,,,,,,,,,
104,10_5,0,0,,,,,,,,,,,,,,,,
105,10_6,0,0,,,,,,,,,,,,,,,,
106,10_7,0,0,,,,,,,,,,,,,,,,
107,10_8,0,0,,,,,,,,,,,,,,,,
108,10_9,0,0,,,,,,,,,,,,,,,,
109,10_10,0,0,,,,,,,,,,,,,,,,
110,11_1,0,0,,,,,,,,,,,,,,,,
111,11_2,0,0,,,,,,,,,,,,,,,,
112,11_3,0,0,,,,,,,,,,,,,,,,
113,11_4,0,0,,,,,,,,,,,,,,,,
114,11_5,0,0,,,,,,,,,,,,,,,,
115,11_6,0,0,,,,,,,,,,,,,,,,
116,11_7,0,0,,,,,,,,,,,,,,,,
117,11_8,0,0,,,,,,,,,,,,,,,,
118,11_9,0,0,,,,,,,,,,,,,,,,
119,11_10,0,0,,,,,,,,,,,,,,,,
120,12_1,0,0,,,,,,,,,,,,,,,,
121,12_2,0,0,,,,,,,,,,,,,,,,
122,12_3,0,0,,,,,,,,,,,,,,,,
123,12_4,0,0,,,,,,,,,,,,,,,,
124,12_5,0,0,,,,,,,,,,,,,,,,
125,12_6,0,0,,,,,,,,,,,,,,,,
126,12_7,0,0,,,,,,,,,,,,,,,,
127,12_8,0,0,,,,,,,,,,,,,,,,
128,12_9,0,0,,,,,,,,,,,,,,,,
129,12_10,0,0,,,,,,,,,,,,,,,,
130,13_1,0,0,,,,,,,,,,,,,,,,
131,13_2,0,0,,,,,,,,,,,,,,,,
132,13_3,0,0,,,,,,,,,,,,,,,,
133,13_4,0,0,,,,,,,,,,,,,,,,
134,13_5,0,0,,,,,,,,,,,,,,,,
135,13_6,0,0,,,,,,,,,,,,,,,,
136,13_7,0,0,,,,,,,,,,,,,,,,
137,13_8,0,0,,,,,,,,,,,,,,,,
138,13_9,0,0,,,,,,,,,,,,,,,,
139,13_10,0,0,,,,,,,,,,,,,,,,
140,14_1,0,0,,,,,,,,,,,,,,,,
141,14_2,0,0,,,,,,,,,,,,,,,,
142,14_3,0,0,,,,,,,,,,,,,,,,
143,14_4,0,0,,,,,,,,,,,,,,,,
144,14_5,0,0,,,,,,,,,,,,,,,,
145,14_6,0,0,,,,,,,,,,,,,,,,
146,14_7,0,0,,,,,,,,,,,,,,,,
147,14_8,0,0,,,,,,,,,,,,,,,,
148,14_9,0,0,,,,,,,,,,,,,,,,
149,14_10,0,0,,,,,,,,,,,,,,,,
150,15_1,0,0,,,,,,,,,,,,,,,,
151,15_2,0,0,,,,,,,,,,,,,,,,
152,15_3,0,0,,,,,,,,,,,,,,,,
153,15_4,0,0,,,,,,,,,,,,,,,,
154,15_5,0,0,,,,,,,,,,,,,,,,
155,15_6,0,0,,,,,,,,,,,,,,,,
156,15_7,0,0,,,,,,,,,,,,,,,,
157,15_8,0,0,,,,,,,,,,,,,,,,
158,15_9,0,0,,,,,,,,,,,,,,,,
159,15_10,0,0,,,,,,,,,,,,,,,,
160,16_1,0,0,,,,,,,,,,,,,,,,
161,16_2,0,0,,,,,,,,,,,,,,,,
162,16_3,0,0,,,,,,,,,,,,,,,,
163,16_4,0,0,,,,,,,,,,,,,,,,
164,16_5,0,0,,,,,,,,,,,,,,,,
165,16_6,0,0,,,,,,,,,,,,,,,,
166,16_7,0,0,,,,,,,,,,,,,,,,
167,16_8,0,0,,,,,,,,,,,,,,,,
168,16_9,0,0,,,,,,,,,,,,,,,,
169,16_10,0,0,,,,,,,,,,,,,,,,
170,17_1,0,0,,,,,,,,,,,,,,,,
171,17_2,0,0,,,,,,,,,,,,,,,,
172,17_3,0,0,,,,,,,,,,,,,,,,
173,17_4,0,0,,,,,,,,,,,,,,,,
174,17_5,0,0,,,,,,,,,,,,,,,,
175,17_6,0,0,,,,,,,,,,,,,,,,
176,17_7,0,0,,,,,,,,,,,,,,,,
177,17_8,0,0,,,,,,,,,,,,,,,,
178,17_9,0,0,,,,,,,,,,,,,,,,
179,17_10,0,0,,,,,,,,,,,,,,,,
180,18_1,0,0,,,,,,,,,,,,,,,,
181,18_2,0,0,,,,,,,,,,,,,,,,
182,18_3,0,0,,,,,,,,,,,,,,,,
183,18_4,0,0,,,,,,,,,,,,,,,,
184,18_5,0,0,,,,,,,,,,,,,,,,
185,18_6,0,0,,,,,,,,,,,,,,,,
186,18_7,0,0,,,,,,,,,,,,,,,,
187,18_8,0,0,,,,,,,,,,,,,,,,
188,18_9,0,0,,,,,,,,,,,,,,,,
189,18_10,2,2,,,,,,,,,,,,,,,,
190,19_1,2,2,,,,,,,,,,,,,,,,
191,19_2,2,2,,,,,,,,,,,,,,,,
192,19_3,2,0,,,,,,,,,,,,,,,,
193,19_4,2,0,,,,,,,,,,,,,,,,
194,19_5,2,0,,,,,,,,,,,,,,,,
195,19_6,0,0,,,,,,,,,,,,,,,,
196,19_7,0,0,,,,,,,,,,,,,,,,
197,19_8,0,0,,,,,,,,,,,,,,,,
198,19_9,0,0,,,,,,,,,,,,,,,,
199,19_10,0,0,,,,,,,,,,,,,,,,
200,20_1,0,0,,,,,,,,,,,,,,,,
201,20_2,0,0,,,,,,,,,,,,,,,,
202,20_3,0,0,,,,,,,,,,,,,,,,
203,20_4,0,0,,,,,,,,,,,,,,,,
204,20_5,0,0,,,,,,,,,,,,,,,,
205,20_6,0,0,,,,,,,,,,,,,,,,
206,20_7,0,0,,,,,,,,,,,,,,,,
207,20_8,0,0,,,,,,,,,,,,,,,,
208,20_9,0,0,,,,,,,,,,,,,,,,
209,20_10,0,0,,,,,,,,,,,,,,,,
210,21_1,0,0,,,,,,,,,,,,,,,,
211,21_2,0,0,,,,,,,,,,,,,,,,
212,21_3,0,0,,,,,,,,,,,,,,,,
213,21_4,0,0,,,,,,,,,,,,,,,,
214,21_5,0,0,,,,,,,,,,,,,,,,
215,21_6,0,0,,,,,,,,,,,,,,,,
216,21_7,0,0,,,,,,,,,,,,,,,,
217,21_8,0,0,,,,,,,,,,,,,,,,
218,21_9,0,0,,,,,,,,,,,,,,,,
219,21_10,0,0,,,,,,,,,,,,,,,,
220,22_1,0,0,,,,,,,,,,,,,,,,
221,22_2,0,0,,,,,,,,,,,,,,,,
222,22_3,0,0,,,,,,,,,,,,,,,,
223,22_4,0,0,,,,,,,,,,,,,,,,
224,22_5,0,0,,,,,,,,,,,,,,,,
225,22_6,0,0,,,,,,,,,,,,,,,,
226,22_7,0,0,,,,,,,,,,,,,,,,
227,22_8,0,0,,,,,,,,,,,,,,,,
228,22_9,0,0,,,,,,,,,,,,,,,,
229,22_10,0,0,,,,,,,,,,,,,,,,
230,23_1,0,0,,,,,,,,,,,,,,,,
231,23_2,0,0,,,,,,,,,,,,,,,,
232,23_3,0,0,,,,,,,,,,,,,,,,
233,23_4,0,0,,,,,,,,,,,,,,,,
234,23_5,0,0,,,,,,,,,,,,,,,,
235,23_6,0,0,,,,,,,,,,,,,,,,
236,23_7,0,0,,,,,,,,,,,,,,,,
237,23_8,0,0,,,,,,,,,,,,,,,,
238,23_9,0,0,,,,,,,,,,,,,,,,
239,23_10,0,0,,,,,,,,,,,,,,,,
240,24_1,0,0,,,,,,,,,,,,,,,,
241,24_2,0,0,,,,,,,,,,,,,,,,
242,24_3,0,0,,,,,,,,,,,,,,,,
243,24_4,0,0,,,,,,,,,,,,,,,,
244,24_5,0,0,,,,,,,,,,,,,,,,
245,24_6,0,0,,,,,,,,,,,,,,,,
246,24_7,0,0,,,,,,,,,,,,,,,,
247,24_8,0,0,,,,,,,,,,,,,,,,
248,24_9,0,0,,,,,,,,,,,,,,,,
249,24_10,0,0,,,,,,,,,,,,,,,,
250,25_1,0,0,,,,,,,,,,,,,,,,
251,25_2,0,0,,,,,,,,,,,,,,,,
252,25_3,0,0,,,,,,,,,,,,,,,,
253,25_4,0,0,,,,,,,,,,,,,,,,
254,25_5,0,0,,,,,,,,,,,,,,,,
255,25_6,0,0,,,,,,,,,,,,,,,,
256,25_7,0,0,,,,,,,,,,,,,,,,
257,25_8,0,0,,,,,,,,,,,,,,,,
258,25_9,0,0,,,,,,,,,,,,,,,,
259,25_10,0,0,,,,,,,,,,,,,,,,
260,26_1,0,0,,,,,,,,,,,,,,,,
261,26_2,0,0,,,,,,,,,,,,,,,,
262,26_3,0,0,,,,,,,,,,,,,,,,
263,26_4,0,0,,,,,,,,,,,,,,,,
264,26_5,0,0,,,,,,,,,,,,,,,,
265,26_6,0,0,,,,,,,,,,,,,,,,
266,26_7,0,0,,,,,,,,,,,,,,,,
267,26_8,0,0,,,,,,,,,,,,,,,,
268,26_9,0,0,,,,,,,,,,,,,,,,
269,26_10,0,0,,,,,,,,,,,,,,,,
270,27_1,0,0,,,,,,,,,,,,,,,,
271,27_2,0,0,,,,,,,,,,,,,,,,
272,27_3,0,0,,,,,,,,,,,,,,,,
273,27_4,0,0,,,,,,,,,,,,,,,,
274,27_5,0,0,,,,,,,,,,,,,,,,
275,27_6,0,0,,,,,,,,,,,,,,,,
276,27_7,0,0,,,,,,,,,,,,,,,,
277,27_8,0,0,,,,,,,,,,,,,,,,
278,27_9,0,0,,,,,,,,,,,,,,,,
279,27_10,0,0,,,,,,,,,,,,,,,,
280,28_1,0,0,,,,,,,,,,,,,,,,
281,28_2,0,0,,,,,,,,,,,,,,,,
282,28_3,0,0,,,,,,,,,,,,,,,,
283,28_4,0,0,,,,,,,,,,,,,,,,
284,28_5,0,0,,,,,,,,,,,,,,,,
285,28_6,0,0,,,,,,,,,,,,,,,,
286,28_7,0,0,,,,,,,,,,,,,,,,
287,28_8,0,0,,,,,,,,,,,,,,,,
288,28_9,0,0,,,,,,,,,,,,,,,,
289,28_10,0,0,,,,,,,,,,,,,,,,
290,29_1,0,0,,,,,,,,,,,,,,,,
291,29_2,0,0,,,,,,,,,,,,,,,,
292,29_3,0,0,,,,,,,,,,,,,,,,
293,29_4,0,0,,,,,,,,,,,,,,,,
294,29_5,0,0,,,,,,,,,,,,,,,,
295,29_6,0,0,,,,,,,,,,,,,,,,
296,29_7,0,0,,,,,,,,,,,,,,,,
297,29_8,0,0,,,,,,,,,,,,,,,,
298,29_9,0,0,,,,,,,,,,,,,,,,
299,29_10,0,0,,,,,,,,,,,,,,,,
300,30_1,0,0,,,,,,,,,,,,,,,,
301,30_2,0,0,,,,,,,,,,,,,,,,
302,30_3,0,0,,,,,,,,,,,,,,,,
303,30_4,0,0,,,,,,,,,,,,,,,,
304,30_5,0,0,,,,,,,,,,,,,,,,
305,30_6,0,0,,,,,,,,,,,,,,,,
306,30_7,0,0,,,,,,,,,,,,,,,,
307,30_8,0,0,,,,,,,,,,,,,,,,
308,30_9,0,0,,,,,,,,,,,,,,,,
309,30_10,0,0,,,,,,,,,,,,,,,,
310,31_1,0,0,,,,,,,,,,,,,,,,
311,31_2,0,0,,,,,,,,,,,,,,,,
312,31_3,0,0,,,,,,,,,,,,,,,,
313,31_4,0,0,,,,,,,,,,,,,,,,
314,31_5,0,0,,,,,,,,,,,,,,,,
315,31_6,0,0,,,,,,,,,,,,,,,,
316,31_7,0,0,,,,,,,,,,,,,,,,
317,31_8,0,0,,,,,,,,,,,,,,,,
318,31_9,0,0,,,,,,,,,,,,,,,,
319,31_10,0,0,,,,,,,,,,,,,,,,
320,32_1,0,0,,,,,,,,,,,,,,,,
321,32_2,0,0,,,,,,,,,,,,,,,,
322,32_3,0,0,,,,,,,,,,,,,,,,
323,32_4,0,0,,,,,,,,,,,,,,,,
324,32_5,0,0,,,,,,,,,,,,,,,,
325,32_6,0,0,,,,,,,,,,,,,,,,
326,32_7,0,0,,,,,,,,,,,,,,,,
327,32_8,0,0,,,,,,,,,,,,,,,,
328,32_9,0,0,,,,,,,,,,,,,,,,
329,32_10,0,0,,,,,,,,,,,,,,,,
330,33_1,0,0,,,,,,,,,,,,,,,,
331,33_2,0,0,,,,,,,,,,,,,,,,
332,33_3,0,0,,,,,,,,,,,,,,,,
333,33_4,0,0,,,,,,,,,,,,,,,,
334,33_5,0,0,,,,,,,,,,,,,,,,
335,33_6,0,0,,,,,,,,,,,,,,,,
336,33_7,0,0,,,,,,,,,,,,,,,,
337,33_8,0,0,,,,,,,,,,,,,,,,
338,33_9,0,0,,,,,,,,,,,,,,,,
339,33_10,0,0,,,,,,,,,,,,,,,,
340,34_1,0,0,,,,,,,,,,,,,,,,
341,34_2,0,0,,,,,,,,,,,,,,,,
342,34_3,0,0,,,,,,,,,,,,,,,,
343,34_4,0,0,,,,,,,,,,,,,,,,
344,34_5,0,0,,,,,,,,,,,,,,,,
345,34_6,0,0,,,,,,,,,,,,,,,,
346,34_7,0,0,,,,,,,,,,,,,,,,
347,34_8,0,0,,,,,,,,,,,,,,,,
348,34_9,0,0,,,,,,,,,,,,,,,,
349,34_10,0,0,,,,,,,,,,,,,,,,
350,35_1,0,0,,,,,,,,,,,,,,,,
351,35_2,0,0,,,,,,,,,,,,,,,,
352,35_3,0,0,,,,,,,,,,,,,,,,
353,35_4,0,0,,,,,,,,,,,,,,,,
354,35_5,0,0,,,,,,,,,,,,,,,,
355,35_6,0,0,,,,,,,,,,,,,,,,
356,35_7,0,0,,,,,,,,,,,,,,,,
357,35_8,0,0,,,,,,,,,,,,,,,,
358,35_9,0,0,,,,,,,,,,,,,,,,
359,35_10,0,0,,,,,,,,,,,,,,,,
360,36_1,0,0,,,,,,,,,,,,,,,,
361,36_2,0,0,,,,,,,,,,,,,,,,
362,36_3,0,0,,,,,,,,,,,,,,,,
363,36_4,0,0,,,,,,,,,,,,,,,,
364,36_5,0,0,,,,,,,,,,,,,,,,
365,36_6,0,0,,,,,,,,,,,,,,,,
366,36_7,0,0,,,,,,,,,,,,,,,,
367,36_8,0,0,,,,,,,,,,,,,,,,
368,36_9,0,0,,,,,,,,,,,,,,,,
369,36_10,0,0,,,,,,,,,,,,,,,,
370,37_1,0,0,,,,,,,,,,,,,,,,
371,37_2,0,0,,,,,,,,,,,,,,,,
372,37_3,0,0,,,,,,,,,,,,,,,,
373,37_4,0,0,,,,,,,,,,,,,,,,
374,37_5,0,0,,,,,,,,,,,,,,,,
375,37_6,0,0,,,,,,,,,,,,,,,,
376,37_7,0,0,,,,,,,,,,,,,,,,
377,37_8,0,0,,,,,,,,,,,,,,,,
378,37_9,0,0,,,,,,,,,,,,,,,,
379,37_10,0,0,,,,,,,,,,,,,,,,
380,38_1,0,0,,,,,,,,,,,,,,,,
381,38_2,0,0,,,,,,,,,,,,,,,,
382,38_3,0,0,,,,,,,,,,,,,,,,
383,38_4,0,0,,,,,,,,,,,,,,,,
384,38_5,0,0,,,,,,,,,,,,,,,,
385,38_6,0,0,,,,,,,,,,,,,,,,
386,38_7,0,0,,,,,,,,,,,,,,,,
387,38_8,0,0,,,,,,,,,,,,,,,,
388,38_9,0,0,,,,,,,,,,,,,,,,
389,38_10,0,0,,,,,,,,,,,,,,,,
390,39_1,0,0,,,,,,,,,,,,,,,,
391,39_2,0,0,,,,,,,,,,,,,,,,
392,39_3,0,0,,,,,,,,,,,,,,,,
393,39_4,0,0,,,,,,,,,,,,,,,,
394,39_5,0,0,,,,,,,,,,,,,,,,
395,39_6,0,0,,,,,,,,,,,,,,,,
396,39_7,0,0,,,,,,,,,,,,,,,,
397,39_8,0,0,,,,,,,,,,,,,,,,
398,39_9,0,0,,,,,,,,,,,,,,,,
399,39_10,0,0,,,,,,,,,,,,,,,,
400,40_1,0,0,,,,,,,,,,,,,,,,
401,40_2,0,0,,,,,,,,,,,,,,,,
402,40_3,0,0,,,,,,,,,,,,,,,,
403,40_4,0,0,,,,,,,,,,,,,,,,
404,40_5,0,0,,,,,,,,,,,,,,,,
405,40_6,0,0,,,,,,,,,,,,,,,,
406,40_7,0,0,,,,,,,,,,,,,,,,
407,40_8,0,0,,,,,,,,,,,,,,,,
408,40_9,0,0,,,,,,,,,,,,,,,,
409,40_10,0,0,,,,,,,,,,,,,,,,
410,41_1,0,0,,,,,,,,,,,,,,,,
411,41_2,1,0,,,,,,,,,,,,,,,,
412,41_3,0,0,,,,,,,,,,,,,,,,
413,41_4,0,0,,,,,,,,,,,,,,,,
414,41_5,0,0,,,,,,,,,,,,,,,,
415,41_6,0,0,,,,,,,,,,,,,,,,
416,41_7,0,0,,,,,,,,,,,,,,,,
417,41_8,0,0,,,,,,,,,,,,,,,,
418,41_9,0,0,,,,,,,,,,,,,,,,
419,41_10,0,0,,,,,,,,,,,,,,,,
420,42_1,0,0,,,,,,,,,,,,,,,,
421,42_2,0,0,,,,,,,,,,,,,,,,
422,42_3,0,0,,,,,,,,,,,,,,,,
423,42_4,0,0,,,,,,,,,,,,,,,,
424,42_5,0,0,,,,,,,,,,,,,,,,
425,42_6,0,0,,,,,,,,,,,,,,,,
426,42_7,0,0,,,,,,,,,,,,,,,,
427,42_8,0,0,,,,,,,,,,,,,,,,
428,42_9,0,0,,,,,,,,,,,,,,,,
429,42_10,0,0,,,,,,,,,,,,,,,,
430,43_1,0,0,,,,,,,,,,,,,,,,
431,43_2,0,0,,,,,,,,,,,,,,,,
432,43_3,0,0,,,,,,,,,,,,,,,,
433,43_4,0,0,,,,,,,,,,,,,,,,
434,43_5,0,0,,,,,,,,,,,,,,,,
435,43_6,1,1,,,,,,,,,,,,,,,,
436,43_7,0,0,,,,,,,,,,,,,,,,
437,43_8,0,0,,,,,,,,,,,,,,,,
438,43_9,0,0,,,,,,,,,,,,,,,,
439,43_10,0,0,,,,,,,,,,,,,,,,
440,44_1,0,0,,,,,,,,,,,,,,,,
441,44_2,0,0,,,,,,,,,,,,,,,,
442,44_3,0,0,,,,,,,,,,,,,,,,
443,44_4,0,0,,,,,,,,,,,,,,,,
444,44_5,0,0,,,,,,,,,,,,,,,,
445,44_6,0,0,,,,,,,,,,,,,,,,
446,44_7,2,0,,,,,,,,,,,,,,,,
447,44_8,0,0,,,,,,,,,,,,,,,,
448,44_9,0,0,,,,,,,,,,,,,,,,
449,44_10,2,0,,,,,,,,,,,,,,,,
450,45_1,0,0,,,,,,,,,,,,,,,,
451,45_2,0,0,,,,,,,,,,,,,,,,
452,45_3,0,0,,,,,,,,,,,,,,,,
453,45_4,0,0,,,,,,,,,,,,,,,,
454,45_5,0,0,,,,,,,,,,,,,,,,
455,45_6,0,0,,,,,,,,,,,,,,,,
456,45_7,0,0,,,,,,,,,,,,,,,,
457,45_8,0,0,,,,,,,,,,,,,,,,
458,45_9,0,0,,,,,,,,,,,,,,,,
459,45_10,0,0,,,,,,,,,,,,,,,,
460,46_1,0,0,,,,,,,,,,,,,,,,
461,46_2,0,0,,,,,,,,,,,,,,,,
462,46_3,0,0,,,,,,,,,,,,,,,,
463,46_4,0,0,,,,,,,,,,,,,,,,
464,46_5,0,0,,,,,,,,,,,,,,,,
465,46_6,0,0,,,,,,,,,,,,,,,,
466,46_7,0,0,,,,,,,,,,,,,,,,
467,46_8,0,0,,,,,,,,,,,,,,,,
468,46_9,0,0,,,,,,,,,,,,,,,,
469,46_10,0,0,,,,,,,,,,,,,,,,
470,47_1,0,0,,,,,,,,,,,,,,,,
471,47_2,1,1,,,,,,,,,,,,,,,,
472,47_3,0,0,,,,,,,,,,,,,,,,
473,47_4,0,0,,,,,,,,,,,,,,,,
474,47_5,0,0,,,,,,,,,,,,,,,,
475,47_6,0,0,,,,,,,,,,,,,,,,
476,47_7,0,0,,,,,,,,,,,,,,,,
477,47_8,0,0,,,,,,,,,,,,,,,,
478,47_9,0,0,,,,,,,,,,,,,,,,
479,47_10,0,0,,,,,,,,,,,,,,,,
480,48_1,0,0,,,,,,,,,,,,,,,,
481,48_2,0,0,,,,,,,,,,,,,,,,
482,48_3,0,0,,,,,,,,,,,,,,,,
483,48_4,2,2,,,,,,,,,,,,,,,,
484,48_5,2,2,,,,,,,,,,,,,,,,
485,48_6,2,2,,,,,,,,,,,,,,,,
486,48_7,2,2,,,,,,,,,,,,,,,,
487,48_8,0,2,,,,,,,,,,,,,,,,
488,48_9,0,2,,,,,,,,,,,,,,,,
489,48_10,0,0,,,,,,,,,,,,,,,,
490,49_1,0,0,,,,,,,,,,,,,,,,
491,49_2,0,0,,,,,,,,,,,,,,,,
492,49_3,0,0,,,,,,,,,,,,,,,,
493,49_4,0,0,,,,,,,,,,,,,,,,
494,49_5,0,0,,,,,,,,,,,,,,,,
495,49_6,0,0,,,,,,,,,,,,,,,,
496,49_7,0,0,,,,,,,,,,,,,,,,
497,49_8,0,0,,,,,,,,,,,,,,,,
498,49_9,0,0,,,,,,,,,,,,,,,,
499,49_10,0,0,,,,,,,,,,,,,,,,
500,50_1,0,0,,,,,,,,,,,,,,,,
501,50_2,0,0,,,,,,,,,,,,,,,,
502,50_3,0,0,,,,,,,,,,,,,,,,
503,50_4,0,0,,,,,,,,,,,,,,,,
504,50_5,0,0,,,,,,,,,,,,,,,,
505,50_6,0,0,,,,,,,,,,,,,,,,
506,50_7,0,0,,,,,,,,,,,,,,,,
507,50_8,0,0,,,,,,,,,,,,,,,,
508,50_9,0,0,,,,,,,,,,,,,,,,
509,50_10,0,0,,,,,,,,,,,,,,,,
510,51_1,0,0,,,,,,,,,,,,,,,,
511,51_2,0,0,,,,,,,,,,,,,,,,
512,51_3,0,0,,,,,,,,,,,,,,,,
513,51_4,0,0,,,,,,,,,,,,,,,,
514,51_5,0,0,,,,,,,,,,,,,,,,
515,51_6,0,0,,,,,,,,,,,,,,,,
516,51_7,0,0,,,,,,,,,,,,,,,,
517,51_8,0,0,,,,,,,,,,,,,,,,
518,51_9,0,0,,,,,,,,,,,,,,,,
519,51_10,0,0,,,,,,,,,,,,,,,,
520,52_1,0,0,,,,,,,,,,,,,,,,
521,52_2,0,0,,,,,,,,,,,,,,,,
522,52_3,0,0,,,,,,,,,,,,,,,,
523,52_4,0,0,,,,,,,,,,,,,,,,
524,52_5,0,0,,,,,,,,,,,,,,,,
525,52_6,0,0,,,,,,,,,,,,,,,,
526,52_7,0,0,,,,,,,,,,,,,,,,
527,52_8,0,0,,,,,,,,,,,,,,,,
528,52_9,0,0,,,,,,,,,,,,,,,,
529,52_10,0,0,,,,,,,,,,,,,,,,
530,53_1,0,0,,,,,,,,,,,,,,,,
531,53_2,0,0,,,,,,,,,,,,,,,,
532,53_3,0,0,,,,,,,,,,,,,,,,
533,53_4,0,0,,,,,,,,,,,,,,,,
534,53_5,0,0,,,,,,,,,,,,,,,,
535,53_6,0,0,,,,,,,,,,,,,,,,
536,53_7,0,0,,,,,,,,,,,,,,,,
537,53_8,0,0,,,,,,,,,,,,,,,,
538,53_9,0,0,,,,,,,,,,,,,,,,
539,53_10,0,0,,,,,,,,,,,,,,,,
540,54_1,0,0,,,,,,,,,,,,,,,,
541,54_2,0,0,,,,,,,,,,,,,,,,
542,54_3,0,0,,,,,,,,,,,,,,,,
543,54_4,0,0,,,,,,,,,,,,,,,,
544,54_5,0,0,,,,,,,,,,,,,,,,
545,54_6,0,0,,,,,,,,,,,,,,,,
546,54_7,0,0,,,,,,,,,,,,,,,,
547,54_8,0,0,,,,,,,,,,,,,,,,
548,54_9,0,0,,,,,,,,,,,,,,,,
549,54_10,0,0,,,,,,,,,,,,,,,,
550,55_1,0,0,,,,,,,,,,,,,,,,
551,55_2,0,0,,,,,,,,,,,,,,,,
552,55_3,0,0,,,,,,,,,,,,,,,,
553,55_4,0,0,,,,,,,,,,,,,,,,
554,55_5,0,0,,,,,,,,,,,,,,,,
555,55_6,0,0,,,,,,,,,,,,,,,,
556,55_7,0,0,,,,,,,,,,,,,,,,
557,55_8,0,0,,,,,,,,,,,,,,,,
558,55_9,0,0,,,,,,,,,,,,,,,,
559,55_10,0,0,,,,,,,,,,,,,,,,
560,56_1,0,0,,,,,,,,,,,,,,,,
561,56_2,0,0,,,,,,,,,,,,,,,,
562,56_3,0,0,,,,,,,,,,,,,,,,
563,56_4,0,0,,,,,,,,,,,,,,,,
564,56_5,0,0,,,,,,,,,,,,,,,,
565,56_6,0,0,,,,,,,,,,,,,,,,
566,56_7,0,0,,,,,,,,,,,,,,,,
567,56_8,0,0,,,,,,,,,,,,,,,,
568,56_9,0,0,,,,,,,,,,,,,,,,
569,56_10,0,0,,,,,,,,,,,,,,,,
570,57_1,0,0,,,,,,,,,,,,,,,,
571,57_2,0,0,,,,,,,,,,,,,,,,
572,57_3,0,0,,,,,,,,,,,,,,,,
573,57_4,0,0,,,,,,,,,,,,,,,,
574,57_5,0,0,,,,,,,,,,,,,,,,
575,57_6,0,2,,,,,,,,,,,,,,,,
576,57_7,0,0,,,,,,,,,,,,,,,,
577,57_8,0,0,,,,,,,,,,,,,,,,
578,57_9,0,0,,,,,,,,,,,,,,,,
579,57_10,0,0,,,,,,,,,,,,,,,,
580,58_1,0,0,,,,,,,,,,,,,,,,
581,58_2,3,3,,,,,,,,,,,,,,,,
582,58_3,3,3,,,,,,,,,,,,,,,,
583,58_4,3,3,,,,,,,,,,,,,,,,
584,58_5,3,3,,,,,,,,,,,,,,,,
585,58_6,3,3,,,,,,,,,,,,,,,,
586,58_7,3,3,,,,,,,,,,,,,,,,
587,58_8,3,3,,,,,,,,,,,,,,,,
588,58_9,3,3,,,,,,,,,,,,,,,,
589,58_10,3,3,,,,,,,,,,,,,,,,
590,59_1,3,1,,,,,,,,,,,,,,,,
591,59_2,3,1,,,,,,,,,,,,,,,,
592,59_3,3,1,,,,,,,,,,,,,,,,
593,59_4,3,1,,,,,,,,,,,,,,,,
594,59_5,0,1,,,,,,,,,,,,,,,,
595,59_6,0,1,,,,,,,,,,,,,,,,
596,59_7,0,1,,,,,,,,,,,,,,,,
597,59_8,0,0,,,,,,,,,,,,,,,,
598,59_9,0,0,,,,,,,,,,,,,,,,
599,59_10,0,0,,,,,,,,,,,,,,,,
600,60_1,0,0,,,,,,,,,,,,,,,,
601,60_2,0,0,,,,,,,,,,,,,,,,
602,60_3,0,0,,,,,,,,,,,,,,,,
603,60_4,0,3,,,,,,,,,,,,,,,,
604,60_5,0,3,,,,,,,,,,,,,,,,
605,60_6,0,0,,,,,,,,,,,,,,,,
606,60_7,0,0,,,,,,,,,,,,,,,,
607,60_8,0,0,,,,,,,,,,,,,,,,
608,60_9,0,0,,,,,,,,,,,,,,,,
609,60_10,0,0,,,,,,,,,,,,,,,,
610,61_1,0,0,,,,,,,,,,,,,,,,
611,61_2,0,0,,,,,,,,,,,,,,,,
612,61_3,0,0,,,,,,,,,,,,,,,,
613,61_4,0,0,,,,,,,,,,,,,,,,
614,61_5,0,0,,,,,,,,,,,,,,,,
615,61_6,0,0,,,,,,,,,,,,,,,,
616,61_7,0,0,,,,,,,,,,,,,,,,
617,61_8,0,0,,,,,,,,,,,,,,,,
618,61_9,0,0,,,,,,,,,,,,,,,,
619,61_10,0,0,,,,,,,,,,,,,,,,
620,62_1,0,0,,,,,,,,,,,,,,,,
621,62_2,0,0,,,,,,,,,,,,,,,,
622,62_3,0,0,,,,,,,,,,,,,,,,
623,62_4,0,0,,,,,,,,,,,,,,,,
624,62_5,0,0,,,,,,,,,,,,,,,,
625,62_6,0,0,,,,,,,,,,,,,,,,
626,62_7,0,0,,,,,,,,,,,,,,,,
627,62_8,0,0,,,,,,,,,,,,,,,,
628,62_9,0,0,,,,,,,,,,,,,,,,
629,62_10,0,0,,,,,,,,,,,,,,,,
630,63_1,0,0,,,,,,,,,,,,,,,,
631,63_2,0,0,,,,,,,,,,,,,,,,
632,63_3,0,0,,,,,,,,,,,,,,,,
633,63_4,0,0,,,,,,,,,,,,,,,,
634,63_5,0,0,,,,,,,,,,,,,,,,
635,63_6,0,0,,,,,,,,,,,,,,,,
636,63_7,0,0,,,,,,,,,,,,,,,,
637,63_8,0,0,,,,,,,,,,,,,,,,
638,63_9,0,0,,,,,,,,,,,,,,,,
639,63_10,0,0,,,,,,,,,,,,,,,,
640,64_1,0,0,,,,,,,,,,,,,,,,
641,64_2,0,0,,,,,,,,,,,,,,,,
642,64_3,3,3,,,,,,,,,,,,,,,,
643,64_4,0,0,,,,,,,,,,,,,,,,
644,64_5,2,0,,,,,,,,,,,,,,,,
645,64_6,0,0,,,,,,,,,,,,,,,,
646,64_7,0,0,,,,,,,,,,,,,,,,
647,64_8,0,0,,,,,,,,,,,,,,,,
648,64_9,0,0,,,,,,,,,,,,,,,,
649,64_10,2,0,,,,,,,,,,,,,,,,
650,65_1,0,0,,,,,,,,,,,,,,,,
651,65_2,0,0,,,,,,,,,,,,,,,,
652,65_3,0,0,,,,,,,,,,,,,,,,
653,65_4,0,0,,,,,,,,,,,,,,,,
654,65_5,1,1,,,,,,,,,,,,,,,,
655,65_6,0,1,,,,,,,,,,,,,,,,
656,65_7,0,1,,,,,,,,,,,,,,,,
657,65_8,0,0,,,,,,,,,,,,,,,,
658,65_9,0,0,,,,,,,,,,,,,,,,
659,65_10,0,0,,,,,,,,,,,,,,,,
660,66_1,0,0,,,,,,,,,,,,,,,,
661,66_2,0,0,,,,,,,,,,,,,,,,
662,66_3,0,0,,,,,,,,,,,,,,,,
663,66_4,0,0,,,,,,,,,,,,,,,,
664,66_5,0,0,,,,,,,,,,,,,,,,
665,66_6,3,3,,,,,,,,,,,,,,,,
666,66_7,0,0,,,,,,,,,,,,,,,,
667,66_8,0,0,,,,,,,,,,,,,,,,
668,66_9,0,0,,,,,,,,,,,,,,,,
669,66_10,0,0,,,,,,,,,,,,,,,,
670,67_1,0,0,,,,,,,,,,,,,,,,
671,67_2,0,0,,,,,,,,,,,,,,,,
672,67_3,0,0,,,,,,,,,,,,,,,,
673,67_4,0,0,,,,,,,,,,,,,,,,
674,67_5,0,0,,,,,,,,,,,,,,,,
675,67_6,0,0,,,,,,,,,,,,,,,,
676,67_7,0,0,,,,,,,,,,,,,,,,
677,67_8,0,0,,,,,,,,,,,,,,,,
678,67_9,0,0,,,,,,,,,,,,,,,,
679,67_10,0,0,,,,,,,,,,,,,,,,
680,68_1,0,0,,,,,,,,,,,,,,,,
681,68_2,4,4,,,,,,,,,,,,,,,,
682,68_3,4,4,,,,,,,,,,,,,,,,
683,68_4,4,4,,,,,,,,,,,,,,,,
684,68_5,4,4,,,,,,,,,,,,,,,,
685,68_6,4,4,,,,,,,,,,,,,,,,
686,68_7,4,4,,,,,,,,,,,,,,,,
687,68_8,4,4,,,,,,,,,,,,,,,,
688,68_9,4,4,,,,,,,,,,,,,,,,
689,68_10,4,4,,,,,,,,,,,,,,,,
690,69_1,4,4,,,,,,,,,,,,,,,,
691,69_2,4,4,,,,,,,,,,,,,,,,
692,69_3,4,4,,,,,,,,,,,,,,,,
693,69_4,4,4,,,,,,,,,,,,,,,,
694,69_5,4,4,,,,,,,,,,,,,,,,
695,69_6,4,4,,,,,,,,,,,,,,,,
696,69_7,4,4,,,,,,,,,,,,,,,,
697,69_8,4,4,,,,,,,,,,,,,,,,
698,69_9,4,4,,,,,,,,,,,,,,,,
699,69_10,4,4,,,,,,,,,,,,,,,,
700,70_1,4,4,,,,,,,,,,,,,,,,
701,70_2,4,4,,,,,,,,,,,,,,,,
702,70_3,4,4,,,,,,,,,,,,,,,,
703,70_4,4,4,,,,,,,,,,,,,,,,
704,70_5,1,4,,,,,,,,,,,,,,,,
705,70_6,1,4,,,,,,,,,,,,,,,,
706,70_7,1,4,,,,,,,,,,,,,,,,
707,70_8,1,4,,,,,,,,,,,,,,,,
708,70_9,1,4,,,,,,,,,,,,,,,,
709,70_10,1,4,,,,,,,,,,,,,,,,
710,71_1,1,4,,,,,,,,,,,,,,,,
711,71_2,1,1,,,,,,,,,,,,,,,,
712,71_3,1,1,,,,,,,,,,,,,,,,
713,71_4,1,1,,,,,,,,,,,,,,,,
714,71_5,4,1,,,,,,,,,,,,,,,,
715,71_6,4,1,,,,,,,,,,,,,,,,
716,71_7,4,1,,,,,,,,,,,,,,,,
717,71_8,4,1,,,,,,,,,,,,,,,,
718,71_9,4,1,,,,,,,,,,,,,,,,
719,71_10,4,1,,,,,,,,,,,,,,,,
720,72_1,1,4,,,,,,,,,,,,,,,,
721,72_2,1,4,,,,,,,,,,,,,,,,
722,72_3,1,4,,,,,,,,,,,,,,,,
723,72_4,1,4,,,,,,,,,,,,,,,,
724,72_5,1,4,,,,,,,,,,,,,,,,
725,72_6,1,4,,,,,,,,,,,,,,,,
726,72_7,1,4,,,,,,,,,,,,,,,,
727,72_8,1,4,,,,,,,,,,,,,,,,
728,72_9,1,4,,,,,,,,,,,,,,,,
729,72_10,1,1,,,,,,,,,,,,,,,,
730,73_1,1,1,,,,,,,,,,,,,,,,
731,73_2,1,1,,,,,,,,,,,,,,,,
732,73_3,1,1,,,,,,,,,,,,,,,,
733,73_4,1,1,,,,,,,,,,,,,,,,
734,73_5,1,1,,,,,,,,,,,,,,,,
735,73_6,1,1,,,,,,,,,,,,,,,,
736,73_7,1,1,,,,,,,,,,,,,,,,
737,73_8,1,1,,,,,,,,,,,,,,,,
738,73_9,1,1,,,,,,,,,,,,,,,,
739,73_10,1,1,,,,,,,,,,,,,,,,
740,74_1,1,1,,,,,,,,,,,,,,,,
741,74_2,1,1,,,,,,,,,,,,,,,,
742,74_3,1,1,,,,,,,,,,,,,,,,
743,74_4,1,1,,,,,,,,,,,,,,,,
744,74_5,1,1,,,,,,,,,,,,,,,,
745,74_6,1,1,,,,,,,,,,,,,,,,
746,74_7,1,1,,,,,,,,,,,,,,,,
747,74_8,1,1,,,,,,,,,,,,,,,,
748,74_9,1,1,,,,,,,,,,,,,,,,
749,74_10,1,1,,,,,,,,,,,,,,,,
750,75_1,1,1,,,,,,,,,,,,,,,,
751,75_2,1,1,,,,,,,,,,,,,,,,
752,75_3,1,1,,,,,,,,,,,,,,,,
753,75_4,1,1,,,,,,,,,,,,,,,,
754,75_5,1,1,,,,,,,,,,,,,,,,
755,75_6,1,1,,,,,,,,,,,,,,,,
756,75_7,1,1,,,,,,,,,,,,,,,,
757,75_8,1,1,,,,,,,,,,,,,,,,
758,75_9,1,1,,,,,,,,,,,,,,,,
759,75_10,1,1,,,,,,,,,,,,,,,,
760,76_1,1,1,,,,,,,,,,,,,,,,
761,76_2,1,1,,,,,,,,,,,,,,,,
762,76_3,1,1,,,,,,,,,,,,,,,,
763,76_4,1,1,,,,,,,,,,,,,,,,
764,76_5,1,0,,,,,,,,,,,,,,,,
765,76_6,1,0,,,,,,,,,,,,,,,,
766,76_7,1,0,,,,,,,,,,,,,,,,
767,76_8,1,0,,,,,,,,,,,,,,,,
768,76_9,1,0,,,,,,,,,,,,,,,,
769,76_10,1,0,,,,,,,,,,,,,,,,
770,77_1,1,0,,,,,,,,,,,,,,,,
771,77_2,1,0,,,,,,,,,,,,,,,,
772,77_3,3,0,,,,,,,,,,,,,,,,
773,77_4,0,0,,,,,,,,,,,,,,,,
774,77_5,0,0,,,,,,,,,,,,,,,,
775,77_6,0,0,,,,,,,,,,,,,,,,
776,77_7,0,0,,,,,,,,,,,,,,,,
777,77_8,0,0,,,,,,,,,,,,,,,,
778,77_9,0,0,,,,,,,,,,,,,,,,
779,77_10,0,0,,,,,,,,,,,,,,,,
780,78_1,0,0,,,,,,,,,,,,,,,,
781,78_2,0,0,,,,,,,,,,,,,,,,
782,78_3,0,0,,,,,,,,,,,,,,,,
783,78_4,0,0,,,,,,,,,,,,,,,,
784,78_5,0,0,,,,,,,,,,,,,,,,
785,78_6,0,0,,,,,,,,,,,,,,,,
786,78_7,0,0,,,,,,,,,,,,,,,,
787,78_8,0,0,,,,,,,,,,,,,,,,
788,78_9,0,0,,,,,,,,,,,,,,,,
789,78_10,0,0,,,,,,,,,,,,,,,,
790,79_1,0,0,,,,,,,,,,,,,,,,
791,79_2,0,0,,,,,,,,,,,,,,,,
792,79_3,0,0,,,,,,,,,,,,,,,,
793,79_4,0,0,,,,,,,,,,,,,,,,
794,79_5,0,0,,,,,,,,,,,,,,,,
795,79_6,0,0,,,,,,,,,,,,,,,,
796,79_7,0,0,,,,,,,,,,,,,,,,
797,79_8,0,0,,,,,,,,,,,,,,,,
798,79_9,0,0,,,,,,,,,,,,,,,,
799,79_10,0,0,,,,,,,,,,,,,,,,
800,80_1,0,0,,,,,,,,,,,,,,,,
801,80_2,0,0,,,,,,,,,,,,,,,,
802,80_3,0,0,,,,,,,,,,,,,,,,
803,80_4,0,0,,,,,,,,,,,,,,,,
804,80_5,0,0,,,,,,,,,,,,,,,,
805,80_6,0,0,,,,,,,,,,,,,,,,
806,80_7,0,0,,,,,,,,,,,,,,,,
807,80_8,0,0,,,,,,,,,,,,,,,,
808,80_9,0,0,,,,,,,,,,,,,,,,
809,80_10,0,0,,,,,,,,,,,,,,,,
810,81_1,2,2,,,,,,,,,,,,,,,,
811,81_2,2,0,,,,,,,,,,,,,,,,
812,81_3,0,0,,,,,,,,,,,,,,,,
813,81_4,0,0,,,,,,,,,,,,,,,,
814,81_5,0,0,,,,,,,,,,,,,,,,
815,81_6,0,0,,,,,,,,,,,,,,,,
816,81_7,0,0,,,,,,,,,,,,,,,,
817,81_8,0,0,,,,,,,,,,,,,,,,
818,81_9,0,0,,,,,,,,,,,,,,,,
819,81_10,0,0,,,,,,,,,,,,,,,,
820,82_1,0,0,,,,,,,,,,,,,,,,
821,82_2,3,1,,,,,,,,,,,,,,,,
822,82_3,0,0,,,,,,,,,,,,,,,,
823,82_4,0,0,,,,,,,,,,,,,,,,
824,82_5,0,0,,,,,,,,,,,,,,,,
825,82_6,0,0,,,,,,,,,,,,,,,,
826,82_7,0,0,,,,,,,,,,,,,,,,
827,82_8,3,1,,,,,,,,,,,,,,,,
828,82_9,3,1,,,,,,,,,,,,,,,,
829,82_10,0,0,,,,,,,,,,,,,,,,
830,83_1,0,0,,,,,,,,,,,,,,,,
831,83_2,0,0,,,,,,,,,,,,,,,,
832,83_3,0,0,,,,,,,,,,,,,,,,
833,83_4,3,3,,,,,,,,,,,,,,,,
834,83_5,3,0,,,,,,,,,,,,,,,,
835,83_6,0,0,,,,,,,,,,,,,,,,
836,83_7,0,0,,,,,,,,,,,,,,,,
837,83_8,0,0,,,,,,,,,,,,,,,,
838,83_9,0,0,,,,,,,,,,,,,,,,
839,83_10,0,0,,,,,,,,,,,,,,,,
840,84_1,0,0,,,,,,,,,,,,,,,,
841,84_2,0,0,,,,,,,,,,,,,,,,
842,84_3,0,0,,,,,,,,,,,,,,,,
843,84_4,0,0,,,,,,,,,,,,,,,,
844,84_5,0,0,,,,,,,,,,,,,,,,
845,84_6,0,0,,,,,,,,,,,,,,,,
846,84_7,0,0,,,,,,,,,,,,,,,,
847,84_8,0,0,,,,,,,,,,,,,,,,
848,84_9,0,0,,,,,,,,,,,,,,,,
849,84_10,0,0,,,,,,,,,,,,,,,,
850,85_1,0,0,,,,,,,,,,,,,,,,
851,85_2,0,0,,,,,,,,,,,,,,,,
852,85_3,0,0,,,,,,,,,,,,,,,,
853,85_4,0,0,,,,,,,,,,,,,,,,
854,85_5,0,0,,,,,,,,,,,,,,,,
855,85_6,0,0,,,,,,,,,,,,,,,,
856,85_7,0,0,,,,,,,,,,,,,,,,
857,85_8,0,0,,,,,,,,,,,,,,,,
858,85_9,0,0,,,,,,,,,,,,,,,,
859,85_10,0,0,,,,,,,,,,,,,,,,
860,86_1,0,0,,,,,,,,,,,,,,,,
861,86_2,2,0,,,,,,,,,,,,,,,,
862,86_3,2,0,,,,,,,,,,,,,,,,
863,86_4,2,0,,,,,,,,,,,,,,,,
864,86_5,2,0,,,,,,,,,,,,,,,,
865,86_6,2,2,,,,,,,,,,,,,,,,
866,86_7,2,2,,,,,,,,,,,,,,,,
867,86_8,0,0,,,,,,,,,,,,,,,,
868,86_9,0,3,,,,,,,,,,,,,,,,
869,86_10,0,0,,,,,,,,,,,,,,,,
870,87_1,0,0,,,,,,,,,,,,,,,,
871,87_2,0,0,,,,,,,,,,,,,,,,
872,87_3,0,0,,,,,,,,,,,,,,,,
873,87_4,0,2,,,,,,,,,,,,,,,,
874,87_5,0,0,,,,,,,,,,,,,,,,
875,87_6,0,0,,,,,,,,,,,,,,,,
876,87_7,0,0,,,,,,,,,,,,,,,,
877,87_8,0,0,,,,,,,,,,,,,,,,
878,87_9,0,0,,,,,,,,,,,,,,,,
879,87_10,0,0,,,,,,,,,,,,,,,,
880,88_1,0,0,,,,,,,,,,,,,,,,
881,88_2,0,0,,,,,,,,,,,,,,,,
882,88_3,0,0,,,,,,,,,,,,,,,,
883,88_4,0,0,,,,,,,,,,,,,,,,
884,88_5,0,0,,,,,,,,,,,,,,,,
885,88_6,0,0,,,,,,,,,,,,,,,,
886,88_7,3,0,,,,,,,,,,,,,,,,
887,88_8,0,0,,,,,,,,,,,,,,,,
888,88_9,0,0,,,,,,,,,,,,,,,,
889,88_10,0,0,,,,,,,,,,,,,,,,
890,89_1,0,0,,,,,,,,,,,,,,,,
891,89_2,0,0,,,,,,,,,,,,,,,,
892,89_3,0,0,,,,,,,,,,,,,,,,
893,89_4,0,0,,,,,,,,,,,,,,,,
894,89_5,0,0,,,,,,,,,,,,,,,,
895,89_6,0,0,,,,,,,,,,,,,,,,
896,89_7,3,3,,,,,,,,,,,,,,,,
897,89_8,0,0,,,,,,,,,,,,,,,,
898,89_9,0,0,,,,,,,,,,,,,,,,
899,89_10,0,0,,,,,,,,,,,,,,,,
900,90_1,0,0,,,,,,,,,,,,,,,,
901,90_2,0,0,,,,,,,,,,,,,,,,
902,90_3,0,0,,,,,,,,,,,,,,,,
903,90_4,0,0,,,,,,,,,,,,,,,,
904,90_5,2,2,,,,,,,,,,,,,,,,
905,90_6,2,2,,,,,,,,,,,,,,,,
906,90_7,2,2,,,,,,,,,,,,,,,,
907,90_8,2,2,,,,,,,,,,,,,,,,
908,90_9,2,2,,,,,,,,,,,,,,,,
909,90_10,0,2,,,,,,,,,,,,,,,,
910,91_1,0,0,,,,,,,,,,,,,,,,
911,91_2,0,0,,,,,,,,,,,,,,,,
912,91_3,0,0,,,,,,,,,,,,,,,,
913,91_4,0,0,,,,,,,,,,,,,,,,
914,91_5,0,0,,,,,,,,,,,,,,,,
915,91_6,0,0,,,,,,,,,,,,,,,,
916,91_7,0,0,,,,,,,,,,,,,,,,
917,91_8,0,0,,,,,,,,,,,,,,,,
918,91_9,0,0,,,,,,,,,,,,,,,,
919,91_10,0,0,,,,,,,,,,,,,,,,
920,92_1,0,0,,,,,,,,,,,,,,,,
921,92_2,0,0,,,,,,,,,,,,,,,,
922,92_3,0,0,,,,,,,,,,,,,,,,
923,92_4,0,0,,,,,,,,,,,,,,,,
924,92_5,0,0,,,,,,,,,,,,,,,,
925,92_6,0,0,,,,,,,,,,,,,,,,
926,92_7,0,0,,,,,,,,,,,,,,,,
927,92_8,0,0,,,,,,,,,,,,,,,,
928,92_9,0,0,,,,,,,,,,,,,,,,
929,92_10,0,0,,,,,,,,,,,,,,,,
930,93_1,0,0,,,,,,,,,,,,,,,,
931,93_2,0,0,,,,,,,,,,,,,,,,
932,93_3,0,0,,,,,,,,,,,,,,,,
933,93_4,0,0,,,,,,,,,,,,,,,,
934,93_5,0,0,,,,,,,,,,,,,,,,
935,93_6,0,0,,,,,,,,,,,,,,,,
936,93_7,0,0,,,,,,,,,,,,,,,,
937,93_8,0,0,,,,,,,,,,,,,,,,
938,93_9,0,0,,,,,,,,,,,,,,,,
939,93_10,0,0,,,,,,,,,,,,,,,,
940,94_1,0,0,,,,,,,,,,,,,,,,
941,94_2,0,0,,,,,,,,,,,,,,,,
942,94_3,0,0,,,,,,,,,,,,,,,,
943,94_4,0,0,,,,,,,,,,,,,,,,
944,94_5,0,0,,,,,,,,,,,,,,,,
945,94_6,0,0,,,,,,,,,,,,,,,,
946,94_7,0,0,,,,,,,,,,,,,,,,
947,94_8,0,0,,,,,,,,,,,,,,,,
948,94_9,0,0,,,,,,,,,,,,,,,,
949,94_10,0,0,,,,,,,,,,,,,,,,
950,95_1,0,0,,,,,,,,,,,,,,,,
951,95_2,0,0,,,,,,,,,,,,,,,,
952,95_3,0,0,,,,,,,,,,,,,,,,
953,95_4,0,0,,,,,,,,,,,,,,,,
954,95_5,0,0,,,,,,,,,,,,,,,,
955,95_6,0,0,,,,,,,,,,,,,,,,
956,95_7,0,0,,,,,,,,,,,,,,,,
957,95_8,0,3,,,,,,,,,,,,,,,,
958,95_9,0,0,,,,,,,,,,,,,,,,
959,95_10,0,0,,,,,,,,,,,,,,,,
960,96_1,0,0,,,,,,,,,,,,,,,,
961,96_2,0,0,,,,,,,,,,,,,,,,
962,96_3,0,0,,,,,,,,,,,,,,,,
963,96_4,0,0,,,,,,,,,,,,,,,,
964,96_5,0,0,,,,,,,,,,,,,,,,
965,96_6,0,0,,,,,,,,,,,,,,,,
966,96_7,0,0,,,,,,,,,,,,,,,,
967,96_8,0,0,,,,,,,,,,,,,,,,
968,96_9,0,0,,,,,,,,,,,,,,,,
969,96_10,0,0,,,,,,,,,,,,,,,,
970,97_1,0,0,,,,,,,,,,,,,,,,
971,97_2,0,0,,,,,,,,,,,,,,,,
972,97_3,0,0,,,,,,,,,,,,,,,,
973,97_4,4,0,,,,,,,,,,,,,,,,
974,97_5,0,0,,,,,,,,,,,,,,,,
975,97_6,0,0,,,,,,,,,,,,,,,,
976,97_7,0,0,,,,,,,,,,,,,,,,
977,97_8,3,3,,,,,,,,,,,,,,,,
978,97_9,0,0,,,,,,,,,,,,,,,,
979,97_10,0,0,,,,,,,,,,,,,,,,
980,98_1,0,0,,,,,,,,,,,,,,,,
981,98_2,0,0,,,,,,,,,,,,,,,,
982,98_3,0,0,,,,,,,,,,,,,,,,
983,98_4,0,0,,,,,,,,,,,,,,,,
984,98_5,0,0,,,,,,,,,,,,,,,,
985,98_6,0,0,,,,,,,,,,,,,,,,
986,98_7,0,0,,,,,,,,,,,,,,,,
987,98_8,0,0,,,,,,,,,,,,,,,,
988,98_9,0,0,,,,,,,,,,,,,,,,
989,98_10,0,0,,,,,,,,,,,,,,,,
990,99_1,0,0,,,,,,,,,,,,,,,,
991,99_2,0,0,,,,,,,,,,,,,,,,
992,99_3,0,0,,,,,,,,,,,,,,,,
993,99_4,0,0,,,,,,,,,,,,,,,,
994,99_5,0,0,,,,,,,,,,,,,,,,
995,99_6,0,0,,,,,,,,,,,,,,,,
996,99_7,0,3,,,,,,,,,,,,,,,,
997,99_8,0,0,,,,,,,,,,,,,,,,
998,99_9,3,3,,,,,,,,,,,,,,,,
999,99_10,0,0,,,,,,,,,,,,,,,,
1000,100_1,0,0,,,,,,,,,,,,,,,,
1001,100_2,0,0,,,,,,,,,,,,,,,,
1002,100_3,0,0,,,,,,,,,,,,,,,,
1003,100_4,0,0,,,,,,,,,,,,,,,,
1004,100_5,0,0,,,,,,,,,,,,,,,,
1005,100_6,0,0,,,,,,,,,,,,,,,,
1006,100_7,0,0,,,,,,,,,,,,,,,,
1007,100_8,0,0,,,,,,,,,,,,,,,,
1008,100_9,0,0,,,,,,,,,,,,,,,,
1009,100_10,0,0,,,,,,,,,,,,,,,,
1010,101_1,0,1,,,,,,,,,,,,,,,,
1011,101_2,1,0,,,,,,,,,,,,,,,,
1012,101_3,1,1,,,,,,,,,,,,,,,,
1013,101_4,2,2,,,,,,,,,,,,,,,,
1014,101_5,2,0,,,,,,,,,,,,,,,,
1015,101_6,0,0,,,,,,,,,,,,,,,,
1016,101_7,0,0,,,,,,,,,,,,,,,,
1017,101_8,0,0,,,,,,,,,,,,,,,,
1018,101_9,0,0,,,,,,,,,,,,,,,,
1019,101_10,0,0,,,,,,,,,,,,,,,,
1020,102_1,0,0,,,,,,,,,,,,,,,,
1021,102_2,0,0,,,,,,,,,,,,,,,,
1022,102_3,0,0,,,,,,,,,,,,,,,,
1023,102_4,0,0,,,,,,,,,,,,,,,,
1024,102_5,0,0,,,,,,,,,,,,,,,,
1025,102_6,3,1,,,,,,,,,,,,,,,,
1026,102_7,3,1,,,,,,,,,,,,,,,,
1027,102_8,3,1,,,,,,,,,,,,,,,,
1028,102_9,3,1,,,,,,,,,,,,,,,,
1029,102_10,0,0,,,,,,,,,,,,,,,,
1030,103_1,0,0,,,,,,,,,,,,,,,,
1031,103_2,0,0,,,,,,,,,,,,,,,,
1032,103_3,0,0,,,,,,,,,,,,,,,,
1033,103_4,0,0,,,,,,,,,,,,,,,,
1034,103_5,0,0,,,,,,,,,,,,,,,,
1035,103_6,0,0,,,,,,,,,,,,,,,,
1036,103_7,0,0,,,,,,,,,,,,,,,,
1037,103_8,0,0,,,,,,,,,,,,,,,,
1038,103_9,0,0,,,,,,,,,,,,,,,,
1039,103_10,0,0,,,,,,,,,,,,,,,,
1040,104_1,0,0,,,,,,,,,,,,,,,,
1041,104_2,2,3,,,,,,,,,,,,,,,,
1042,104_3,2,3,,,,,,,,,,,,,,,,
1043,104_4,2,3,,,,,,,,,,,,,,,,
1044,104_5,0,0,,,,,,,,,,,,,,,,
1045,104_6,0,0,,,,,,,,,,,,,,,,
1046,104_7,0,0,,,,,,,,,,,,,,,,
1047,104_8,0,0,,,,,,,,,,,,,,,,
1048,104_9,0,0,,,,,,,,,,,,,,,,
1049,104_10,0,0,,,,,,,,,,,,,,,,
1050,105_1,0,0,,,,,,,,,,,,,,,,
1051,105_2,0,0,,,,,,,,,,,,,,,,
1052,105_3,0,0,,,,,,,,,,,,,,,,
1053,105_4,0,0,,,,,,,,,,,,,,,,
1054,105_5,0,0,,,,,,,,,,,,,,,,
1055,105_6,0,0,,,,,,,,,,,,,,,,
1056,105_7,0,0,,,,,,,,,,,,,,,,
1057,105_8,0,0,,,,,,,,,,,,,,,,
1058,105_9,0,0,,,,,,,,,,,,,,,,
1059,105_10,0,0,,,,,,,,,,,,,,,,
1060,106_1,0,0,,,,,,,,,,,,,,,,
1061,106_2,0,0,,,,,,,,,,,,,,,,
1062,106_3,0,0,,,,,,,,,,,,,,,,
1063,106_4,0,0,,,,,,,,,,,,,,,,
1064,106_5,0,0,,,,,,,,,,,,,,,,
1065,106_6,0,0,,,,,,,,,,,,,,,,
1066,106_7,0,0,,,,,,,,,,,,,,,,
1067,106_8,0,0,,,,,,,,,,,,,,,,
1068,106_9,1,3,,,,,,,,,,,,,,,,
1069,106_10,0,0,,,,,,,,,,,,,,,,
1070,107_1,0,0,,,,,,,,,,,,,,,,
1071,107_2,0,0,,,,,,,,,,,,,,,,
1072,107_3,0,0,,,,,,,,,,,,,,,,
1073,107_4,0,0,,,,,,,,,,,,,,,,
1074,107_5,0,0,,,,,,,,,,,,,,,,
1075,107_6,0,0,,,,,,,,,,,,,,,,
1076,107_7,0,0,,,,,,,,,,,,,,,,
1077,107_8,0,0,,,,,,,,,,,,,,,,
1078,107_9,0,0,,,,,,,,,,,,,,,,
1079,107_10,3,3,,,,,,,,,,,,,,,,
1080,108_1,0,0,,,,,,,,,,,,,,,,
1081,108_2,0,0,,,,,,,,,,,,,,,,
1082,108_3,0,0,,,,,,,,,,,,,,,,
1083,108_4,0,0,,,,,,,,,,,,,,,,
1084,108_5,2,0,,,,,,,,,,,,,,,,
1085,108_6,2,2,,,,,,,,,,,,,,,,
1086,108_7,2,2,,,,,,,,,,,,,,,,
1087,108_8,2,2,,,,,,,,,,,,,,,,
1088,108_9,1,2,,,,,,,,,,,,,,,,
1089,108_10,1,0,,,,,,,,,,,,,,,,
1090,109_1,0,0,,,,,,,,,,,,,,,,
1091,109_2,0,0,,,,,,,,,,,,,,,,
1092,109_3,3,3,,,,,,,,,,,,,,,,
1093,109_4,0,0,,,,,,,,,,,,,,,,
1094,109_5,0,0,,,,,,,,,,,,,,,,
1095,109_6,0,0,,,,,,,,,,,,,,,,
1096,109_7,0,0,,,,,,,,,,,,,,,,
1097,109_8,0,0,,,,,,,,,,,,,,,,
1098,109_9,0,0,,,,,,,,,,,,,,,,
1099,109_10,0,0,,,,,,,,,,,,,,,,
1100,110_1,0,0,,,,,,,,,,,,,,,,
1101,110_2,0,0,,,,,,,,,,,,,,,,
1102,110_3,4,4,,,,,,,,,,,,,,,,
1103,110_4,4,4,,,,,,,,,,,,,,,,
1104,110_5,4,4,,,,,,,,,,,,,,,,
1105,110_6,0,0,,,,,,,,,,,,,,,,
1106,110_7,0,0,,,,,,,,,,,,,,,,
1107,110_8,0,0,,,,,,,,,,,,,,,,
1108,110_9,0,0,,,,,,,,,,,,,,,,
1109,110_10,0,0,,,,,,,,,,,,,,,,
1110,111_1,0,0,,,,,,,,,,,,,,,,
1111,111_2,0,0,,,,,,,,,,,,,,,,
1112,111_3,1,0,,,,,,,,,,,,,,,,
1113,111_4,0,0,,,,,,,,,,,,,,,,
1114,111_5,0,0,,,,,,,,,,,,,,,,
1115,111_6,1,3,,,,,,,,,,,,,,,,
1116,111_7,1,3,,,,,,,,,,,,,,,,
1117,111_8,1,3,,,,,,,,,,,,,,,,
1118,111_9,1,3,,,,,,,,,,,,,,,,
1119,111_10,0,0,,,,,,,,,,,,,,,,
1120,112_1,0,0,,,,,,,,,,,,,,,,
1121,112_2,0,0,,,,,,,,,,,,,,,,
1122,112_3,0,0,,,,,,,,,,,,,,,,
1123,112_4,0,0,,,,,,,,,,,,,,,,
1124,112_5,0,0,,,,,,,,,,,,,,,,
1125,112_6,0,0,,,,,,,,,,,,,,,,
1126,112_7,0,0,,,,,,,,,,,,,,,,
1127,112_8,0,0,,,,,,,,,,,,,,,,
1128,112_9,0,0,,,,,,,,,,,,,,,,
1129,112_10,0,0,,,,,,,,,,,,,,,,
1130,113_1,0,0,,,,,,,,,,,,,,,,
1131,113_2,3,3,,,,,,,,,,,,,,,,
1132,113_3,0,0,,,,,,,,,,,,,,,,
1133,113_4,0,0,,,,,,,,,,,,,,,,
1134,113_5,0,0,,,,,,,,,,,,,,,,
1135,113_6,0,0,,,,,,,,,,,,,,,,
1136,113_7,0,0,,,,,,,,,,,,,,,,
1137,113_8,0,0,,,,,,,,,,,,,,,,
1138,113_9,3,3,,,,,,,,,,,,,,,,
1139,113_10,0,0,,,,,,,,,,,,,,,,
1140,114_1,0,0,,,,,,,,,,,,,,,,
1141,114_2,0,0,,,,,,,,,,,,,,,,
1142,114_3,0,0,,,,,,,,,,,,,,,,
1143,114_4,0,0,,,,,,,,,,,,,,,,
1144,114_5,0,0,,,,,,,,,,,,,,,,
1145,114_6,0,0,,,,,,,,,,,,,,,,
1146,114_7,0,0,,,,,,,,,,,,,,,,
1147,114_8,0,0,,,,,,,,,,,,,,,,
1148,114_9,0,0,,,,,,,,,,,,,,,,
1149,114_10,0,0,,,,,,,,,,,,,,,,
1150,115_1,0,0,,,,,,,,,,,,,,,,
1151,115_2,0,0,,,,,,,,,,,,,,,,
1152,115_3,0,0,,,,,,,,,,,,,,,,
1153,115_4,3,3,,,,,,,,,,,,,,,,
1154,115_5,0,0,,,,,,,,,,,,,,,,
1155,115_6,0,0,,,,,,,,,,,,,,,,
1156,115_7,0,0,,,,,,,,,,,,,,,,
1157,115_8,0,0,,,,,,,,,,,,,,,,
1158,115_9,0,0,,,,,,,,,,,,,,,,
1159,115_10,0,0,,,,,,,,,,,,,,,,
1160,116_1,2,0,,,,,,,,,,,,,,,,
1161,116_2,2,2,,,,,,,,,,,,,,,,
1162,116_3,2,2,,,,,,,,,,,,,,,,
1163,116_4,2,2,,,,,,,,,,,,,,,,
1164,116_5,2,2,,,,,,,,,,,,,,,,
1165,116_6,2,0,,,,,,,,,,,,,,,,
1166,116_7,0,0,,,,,,,,,,,,,,,,
1167,116_8,0,0,,,,,,,,,,,,,,,,
1168,116_9,0,0,,,,,,,,,,,,,,,,
1169,116_10,0,0,,,,,,,,,,,,,,,,
1170,117_1,0,0,,,,,,,,,,,,,,,,
1171,117_2,0,0,,,,,,,,,,,,,,,,
1172,117_3,0,0,,,,,,,,,,,,,,,,
1173,117_4,0,0,,,,,,,,,,,,,,,,
1174,117_5,0,0,,,,,,,,,,,,,,,,
1175,117_6,0,0,,,,,,,,,,,,,,,,
1176,117_7,0,0,,,,,,,,,,,,,,,,
1177,117_8,0,0,,,,,,,,,,,,,,,,
1178,117_9,0,0,,,,,,,,,,,,,,,,
1179,117_10,0,0,,,,,,,,,,,,,,,,
1180,118_1,0,0,,,,,,,,,,,,,,,,
1181,118_2,0,0,,,,,,,,,,,,,,,,
1182,118_3,0,0,,,,,,,,,,,,,,,,
1183,118_4,0,0,,,,,,,,,,,,,,,,
1184,118_5,0,0,,,,,,,,,,,,,,,,
1185,118_6,0,0,,,,,,,,,,,,,,,,
1186,118_7,1,1,,,,,,,,,,,,,,,,
1187,118_8,1,1,,,,,,,,,,,,,,,,
1188,118_9,1,1,,,,,,,,,,,,,,,,
1189,118_10,0,0,,,,,,,,,,,,,,,,
1190,119_1,0,0,,,,,,,,,,,,,,,,
1191,119_2,0,0,,,,,,,,,,,,,,,,
1192,119_3,0,0,,,,,,,,,,,,,,,,
1193,119_4,0,0,,,,,,,,,,,,,,,,
1194,119_5,0,0,,,,,,,,,,,,,,,,
1195,119_6,0,0,,,,,,,,,,,,,,,,
1196,119_7,2,2,,,,,,,,,,,,,,,,
1197,119_8,2,2,,,,,,,,,,,,,,,,
1198,119_9,0,0,,,,,,,,,,,,,,,,
1199,119_10,0,0,,,,,,,,,,,,,,,,
1200,120_1,0,0,,,,,,,,,,,,,,,,
1201,120_2,0,0,,,,,,,,,,,,,,,,
1202,120_3,0,0,,,,,,,,,,,,,,,,
1203,120_4,0,0,,,,,,,,,,,,,,,,
1204,120_5,0,0,,,,,,,,,,,,,,,,
1205,120_6,0,0,,,,,,,,,,,,,,,,
1206,120_7,0,0,,,,,,,,,,,,,,,,
1207,120_8,0,0,,,,,,,,,,,,,,,,
1208,120_9,0,0,,,,,,,,,,,,,,,,
1209,120_10,0,0,,,,,,,,,,,,,,,,
1210,121_1,0,0,,,,,,,,,,,,,,,,
1211,121_2,0,0,,,,,,,,,,,,,,,,
1212,121_3,0,0,,,,,,,,,,,,,,,,
1213,121_4,0,0,,,,,,,,,,,,,,,,
1214,121_5,0,0,,,,,,,,,,,,,,,,
1215,121_6,0,0,,,,,,,,,,,,,,,,
1216,121_7,0,0,,,,,,,,,,,,,,,,
1217,121_8,0,0,,,,,,,,,,,,,,,,
1218,121_9,0,0,,,,,,,,,,,,,,,,
1219,121_10,0,0,,,,,,,,,,,,,,,,
1220,122_1,0,0,,,,,,,,,,,,,,,,
1221,122_2,0,0,,,,,,,,,,,,,,,,
1222,122_3,3,0,,,,,,,,,,,,,,,,
1223,122_4,0,3,,,,,,,,,,,,,,,,
1224,122_5,0,0,,,,,,,,,,,,,,,,
1225,122_6,0,0,,,,,,,,,,,,,,,,
1226,122_7,0,0,,,,,,,,,,,,,,,,
1227,122_8,0,0,,,,,,,,,,,,,,,,
1228,122_9,3,3,,,,,,,,,,,,,,,,
1229,122_10,0,0,,,,,,,,,,,,,,,,
1230,123_1,0,0,,,,,,,,,,,,,,,,
1231,123_2,0,0,,,,,,,,,,,,,,,,
1232,123_3,0,0,,,,,,,,,,,,,,,,
1233,123_4,0,0,,,,,,,,,,,,,,,,
1234,123_5,0,0,,,,,,,,,,,,,,,,
1235,123_6,0,0,,,,,,,,,,,,,,,,
1236,123_7,0,0,,,,,,,,,,,,,,,,
1237,123_8,0,0,,,,,,,,,,,,,,,,
1238,123_9,0,0,,,,,,,,,,,,,,,,
1239,123_10,0,0,,,,,,,,,,,,,,,,
1240,124_1,0,0,,,,,,,,,,,,,,,,
1241,124_2,0,0,,,,,,,,,,,,,,,,
1242,124_3,0,0,,,,,,,,,,,,,,,,
1243,124_4,0,0,,,,,,,,,,,,,,,,
1244,124_5,0,0,,,,,,,,,,,,,,,,
1245,124_6,0,0,,,,,,,,,,,,,,,,
1246,124_7,0,0,,,,,,,,,,,,,,,,
1247,124_8,0,0,,,,,,,,,,,,,,,,
1248,124_9,0,0,,,,,,,,,,,,,,,,
1249,124_10,0,0,,,,,,,,,,,,,,,,
1250,125_1,3,1,,,,,,,,,,,,,,,,
1251,125_2,0,0,,,,,,,,,,,,,,,,
1252,125_3,0,0,,,,,,,,,,,,,,,,
1253,125_4,0,0,,,,,,,,,,,,,,,,
1254,125_5,0,0,,,,,,,,,,,,,,,,
1255,125_6,0,0,,,,,,,,,,,,,,,,
1256,125_7,0,0,,,,,,,,,,,,,,,,
1257,125_8,3,3,,,,,,,,,,,,,,,,
1258,125_9,0,0,,,,,,,,,,,,,,,,
1259,125_10,0,0,,,,,,,,,,,,,,,,
1260,126_1,0,0,,,,,,,,,,,,,,,,
1261,126_2,0,0,,,,,,,,,,,,,,,,
1262,126_3,0,0,,,,,,,,,,,,,,,,
1263,126_4,0,0,,,,,,,,,,,,,,,,
1264,126_5,0,0,,,,,,,,,,,,,,,,
1265,126_6,0,0,,,,,,,,,,,,,,,,
1266,126_7,0,0,,,,,,,,,,,,,,,,
1267,126_8,0,0,,,,,,,,,,,,,,,,
1268,126_9,0,0,,,,,,,,,,,,,,,,
1269,126_10,0,0,,,,,,,,,,,,,,,,
1270,127_1,0,0,,,,,,,,,,,,,,,,
1271,127_2,2,2,,,,,,,,,,,,,,,,
1272,127_3,3,1,,,,,,,,,,,,,,,,
1273,127_4,0,0,,,,,,,,,,,,,,,,
1274,127_5,0,0,,,,,,,,,,,,,,,,
1275,127_6,0,0,,,,,,,,,,,,,,,,
1276,127_7,1,0,,,,,,,,,,,,,,,,
1277,127_8,1,1,,,,,,,,,,,,,,,,
1278,127_9,0,0,,,,,,,,,,,,,,,,
1279,127_10,0,0,,,,,,,,,,,,,,,,
1280,128_1,0,0,,,,,,,,,,,,,,,,
1281,128_2,0,0,,,,,,,,,,,,,,,,
1282,128_3,0,0,,,,,,,,,,,,,,,,
1283,128_4,0,0,,,,,,,,,,,,,,,,
1284,128_5,3,1,,,,,,,,,,,,,,,,
1285,128_6,0,0,,,,,,,,,,,,,,,,
1286,128_7,3,3,,,,,,,,,,,,,,,,
1287,128_8,0,0,,,,,,,,,,,,,,,,
1288,128_9,0,0,,,,,,,,,,,,,,,,
1289,128_10,0,0,,,,,,,,,,,,,,,,
1290,129_1,0,0,,,,,,,,,,,,,,,,
1291,129_2,0,0,,,,,,,,,,,,,,,,
1292,129_3,0,0,,,,,,,,,,,,,,,,
1293,129_4,0,0,,,,,,,,,,,,,,,,
1294,129_5,0,0,,,,,,,,,,,,,,,,
1295,129_6,0,0,,,,,,,,,,,,,,,,
1296,129_7,0,0,,,,,,,,,,,,,,,,
1297,129_8,0,0,,,,,,,,,,,,,,,,
1298,129_9,0,0,,,,,,,,,,,,,,,,
1299,129_10,0,0,,,,,,,,,,,,,,,,
1300,130_1,0,0,,,,,,,,,,,,,,,,
1301,130_2,0,0,,,,,,,,,,,,,,,,
1302,130_3,0,0,,,,,,,,,,,,,,,,
1303,130_4,0,0,,,,,,,,,,,,,,,,
1304,130_5,0,0,,,,,,,,,,,,,,,,
1305,130_6,0,0,,,,,,,,,,,,,,,,
1306,130_7,0,0,,,,,,,,,,,,,,,,
1307,130_8,0,0,,,,,,,,,,,,,,,,
1308,130_9,0,0,,,,,,,,,,,,,,,,
1309,130_10,0,0,,,,,,,,,,,,,,,,
1310,131_1,0,0,,,,,,,,,,,,,,,,
1311,131_2,2,2,,,,,,,,,,,,,,,,
1312,131_3,2,2,,,,,,,,,,,,,,,,
1313,131_4,3,3,,,,,,,,,,,,,,,,
1314,131_5,0,0,,,,,,,,,,,,,,,,
1315,131_6,0,0,,,,,,,,,,,,,,,,
1316,131_7,0,0,,,,,,,,,,,,,,,,
1317,131_8,0,0,,,,,,,,,,,,,,,,
1318,131_9,0,0,,,,,,,,,,,,,,,,
1319,131_10,0,0,,,,,,,,,,,,,,,,
1320,132_1,0,0,,,,,,,,,,,,,,,,
1321,132_2,0,0,,,,,,,,,,,,,,,,
1322,132_3,0,0,,,,,,,,,,,,,,,,
1323,132_4,0,0,,,,,,,,,,,,,,,,
1324,132_5,0,0,,,,,,,,,,,,,,,,
1325,132_6,0,0,,,,,,,,,,,,,,,,
1326,132_7,0,0,,,,,,,,,,,,,,,,
1327,132_8,0,0,,,,,,,,,,,,,,,,
1328,132_9,0,0,,,,,,,,,,,,,,,,
1329,132_10,0,0,,,,,,,,,,,,,,,,
1330,133_1,0,0,,,,,,,,,,,,,,,,
1331,133_2,2,2,,,,,,,,,,,,,,,,
1332,133_3,0,0,,,,,,,,,,,,,,,,
1333,133_4,0,0,,,,,,,,,,,,,,,,
1334,133_5,0,1,,,,,,,,,,,,,,,,
1335,133_6,0,1,,,,,,,,,,,,,,,,
1336,133_7,1,1,,,,,,,,,,,,,,,,
1337,133_8,1,1,,,,,,,,,,,,,,,,
1338,133_9,0,0,,,,,,,,,,,,,,,,
1339,133_10,0,0,,,,,,,,,,,,,,,,
1340,134_1,0,0,,,,,,,,,,,,,,,,
1341,134_2,0,0,,,,,,,,,,,,,,,,
1342,134_3,0,0,,,,,,,,,,,,,,,,
1343,134_4,0,0,,,,,,,,,,,,,,,,
1344,134_5,0,0,,,,,,,,,,,,,,,,
1345,134_6,0,0,,,,,,,,,,,,,,,,
1346,134_7,0,0,,,,,,,,,,,,,,,,
1347,134_8,0,0,,,,,,,,,,,,,,,,
1348,134_9,0,0,,,,,,,,,,,,,,,,
1349,134_10,0,0,,,,,,,,,,,,,,,,
1350,135_1,0,0,,,,,,,,,,,,,,,,
1351,135_2,0,0,,,,,,,,,,,,,,,,
1352,135_3,0,0,,,,,,,,,,,,,,,,
1353,135_4,1,0,,,,,,,,,,,,,,,,
1354,135_5,0,0,,,,,,,,,,,,,,,,
1355,135_6,0,0,,,,,,,,,,,,,,,,
1356,135_7,0,0,,,,,,,,,,,,,,,,
1357,135_8,0,0,,,,,,,,,,,,,,,,
1358,135_9,0,0,,,,,,,,,,,,,,,,
1359,135_10,0,0,,,,,,,,,,,,,,,,
1360,136_1,2,2,,,,,,,,,,,,,,,,
1361,136_2,2,2,,,,,,,,,,,,,,,,
1362,136_3,2,2,,,,,,,,,,,,,,,,
1363,136_4,2,2,,,,,,,,,,,,,,,,
1364,136_5,0,0,,,,,,,,,,,,,,,,
1365,136_6,0,0,,,,,,,,,,,,,,,,
1366,136_7,0,0,,,,,,,,,,,,,,,,
1367,136_8,0,0,,,,,,,,,,,,,,,,
1368,136_9,0,0,,,,,,,,,,,,,,,,
1369,136_10,0,0,,,,,,,,,,,,,,,,
1370,137_1,0,2,,,,,,,,,,,,,,,,
1371,137_2,2,2,,,,,,,,,,,,,,,,
1372,137_3,2,0,,,,,,,,,,,,,,,,
1373,137_4,0,2,,,,,,,,,,,,,,,,
1374,137_5,2,2,,,,,,,,,,,,,,,,
1375,137_6,0,0,,,,,,,,,,,,,,,,
1376,137_7,0,0,,,,,,,,,,,,,,,,
1377,137_8,0,0,,,,,,,,,,,,,,,,
1378,137_9,0,0,,,,,,,,,,,,,,,,
1379,137_10,0,0,,,,,,,,,,,,,,,,
1380,138_1,0,0,,,,,,,,,,,,,,,,
1381,138_2,0,0,,,,,,,,,,,,,,,,
1382,138_3,0,0,,,,,,,,,,,,,,,,
1383,138_4,0,0,,,,,,,,,,,,,,,,
1384,138_5,0,0,,,,,,,,,,,,,,,,
1385,138_6,0,0,,,,,,,,,,,,,,,,
1386,138_7,0,0,,,,,,,,,,,,,,,,
1387,138_8,0,0,,,,,,,,,,,,,,,,
1388,138_9,0,0,,,,,,,,,,,,,,,,
1389,138_10,0,0,,,,,,,,,,,,,,,,
1390,139_1,0,0,,,,,,,,,,,,,,,,
1391,139_2,0,0,,,,,,,,,,,,,,,,
1392,139_3,0,0,,,,,,,,,,,,,,,,
1393,139_4,0,0,,,,,,,,,,,,,,,,
1394,139_5,4,4,,,,,,,,,,,,,,,,
1395,139_6,4,4,,,,,,,,,,,,,,,,
1396,139_7,4,4,,,,,,,,,,,,,,,,
1397,139_8,4,4,,,,,,,,,,,,,,,,
1398,139_9,4,4,,,,,,,,,,,,,,,,
1399,139_10,0,0,,,,,,,,,,,,,,,,
1400,140_1,0,0,,,,,,,,,,,,,,,,
1401,140_2,0,0,,,,,,,,,,,,,,,,
1402,140_3,0,0,,,,,,,,,,,,,,,,
1403,140_4,0,0,,,,,,,,,,,,,,,,
1404,140_5,0,0,,,,,,,,,,,,,,,,
1405,140_6,0,0,,,,,,,,,,,,,,,,
1406,140_7,0,0,,,,,,,,,,,,,,,,
1407,140_8,0,0,,,,,,,,,,,,,,,,
1408,140_9,0,0,,,,,,,,,,,,,,,,
1409,140_10,0,0,,,,,,,,,,,,,,,,
1410,141_1,0,0,,,,,,,,,,,,,,,,
1411,141_2,0,0,,,,,,,,,,,,,,,,
1412,141_3,0,0,,,,,,,,,,,,,,,,
1413,141_4,0,0,,,,,,,,,,,,,,,,
1414,141_5,0,0,,,,,,,,,,,,,,,,
1415,141_6,0,0,,,,,,,,,,,,,,,,
1416,141_7,0,0,,,,,,,,,,,,,,,,
1417,141_8,0,0,,,,,,,,,,,,,,,,
1418,141_9,0,0,,,,,,,,,,,,,,,,
1419,141_10,0,0,,,,,,,,,,,,,,,,
1420,142_1,0,0,,,,,,,,,,,,,,,,
1421,142_2,0,0,,,,,,,,,,,,,,,,
1422,142_3,0,0,,,,,,,,,,,,,,,,
1423,142_4,0,2,,,,,,,,,,,,,,,,
1424,142_5,0,0,,,,,,,,,,,,,,,,
1425,142_6,0,0,,,,,,,,,,,,,,,,
1426,142_7,0,0,,,,,,,,,,,,,,,,
1427,142_8,0,0,,,,,,,,,,,,,,,,
1428,142_9,2,0,,,,,,,,,,,,,,,,
1429,142_10,0,0,,,,,,,,,,,,,,,,
1430,143_1,0,0,,,,,,,,,,,,,,,,
1431,143_2,0,0,,,,,,,,,,,,,,,,
1432,143_3,0,0,,,,,,,,,,,,,,,,
1433,143_4,0,0,,,,,,,,,,,,,,,,
1434,143_5,0,0,,,,,,,,,,,,,,,,
1435,143_6,0,0,,,,,,,,,,,,,,,,
1436,143_7,0,0,,,,,,,,,,,,,,,,
1437,143_8,0,0,,,,,,,,,,,,,,,,
1438,143_9,0,2,,,,,,,,,,,,,,,,
1439,143_10,0,0,,,,,,,,,,,,,,,,
1440,144_1,2,0,,,,,,,,,,,,,,,,
1441,144_2,2,2,,,,,,,,,,,,,,,,
1442,144_3,2,2,,,,,,,,,,,,,,,,
1443,144_4,2,2,,,,,,,,,,,,,,,,
1444,144_5,2,2,,,,,,,,,,,,,,,,
1445,144_6,2,2,,,,,,,,,,,,,,,,
1446,144_7,3,1,,,,,,,,,,,,,,,,
1447,144_8,0,0,,,,,,,,,,,,,,,,
1448,144_9,0,0,,,,,,,,,,,,,,,,
1449,144_10,0,0,,,,,,,,,,,,,,,,
1450,145_1,2,2,,,,,,,,,,,,,,,,
1451,145_2,2,2,,,,,,,,,,,,,,,,
1452,145_3,2,2,,,,,,,,,,,,,,,,
1453,145_4,2,2,,,,,,,,,,,,,,,,
1454,145_5,0,0,,,,,,,,,,,,,,,,
1455,145_6,0,0,,,,,,,,,,,,,,,,
1456,145_7,0,0,,,,,,,,,,,,,,,,
1457,145_8,0,0,,,,,,,,,,,,,,,,
1458,145_9,0,0,,,,,,,,,,,,,,,,
1459,145_10,0,0,,,,,,,,,,,,,,,,
1460,146_1,0,0,,,,,,,,,,,,,,,,
1461,146_2,0,0,,,,,,,,,,,,,,,,
1462,146_3,0,0,,,,,,,,,,,,,,,,
1463,146_4,0,0,,,,,,,,,,,,,,,,
1464,146_5,0,0,,,,,,,,,,,,,,,,
1465,146_6,0,0,,,,,,,,,,,,,,,,
1466,146_7,0,0,,,,,,,,,,,,,,,,
1467,146_8,0,0,,,,,,,,,,,,,,,,
1468,146_9,0,0,,,,,,,,,,,,,,,,
1469,146_10,0,0,,,,,,,,,,,,,,,,
1470,147_1,0,0,,,,,,,,,,,,,,,,
1471,147_2,0,0,,,,,,,,,,,,,,,,
1472,147_3,0,0,,,,,,,,,,,,,,,,
1473,147_4,0,0,,,,,,,,,,,,,,,,
1474,147_5,1,2,,,,,,,,,,,,,,,,
1475,147_6,2,2,,,,,,,,,,,,,,,,
1476,147_7,2,2,,,,,,,,,,,,,,,,
1477,147_8,2,2,,,,,,,,,,,,,,,,
1478,147_9,2,2,,,,,,,,,,,,,,,,
1479,147_10,0,0,,,,,,,,,,,,,,,,
1480,148_1,2,1,,,,,,,,,,,,,,,,
1481,148_2,0,0,,,,,,,,,,,,,,,,
1482,148_3,0,0,,,,,,,,,,,,,,,,
1483,148_4,0,0,,,,,,,,,,,,,,,,
1484,148_5,0,0,,,,,,,,,,,,,,,,
1485,148_6,0,0,,,,,,,,,,,,,,,,
1486,148_7,0,0,,,,,,,,,,,,,,,,
1487,148_8,0,0,,,,,,,,,,,,,,,,
1488,148_9,0,0,,,,,,,,,,,,,,,,
1489,148_10,0,0,,,,,,,,,,,,,,,,
1490,149_1,0,0,,,,,,,,,,,,,,,,
1491,149_2,0,0,,,,,,,,,,,,,,,,
1492,149_3,0,0,,,,,,,,,,,,,,,,
1493,149_4,0,0,,,,,,,,,,,,,,,,
1494,149_5,0,0,,,,,,,,,,,,,,,,
1495,149_6,0,0,,,,,,,,,,,,,,,,
1496,149_7,0,0,,,,,,,,,,,,,,,,
1497,149_8,0,0,,,,,,,,,,,,,,,,
1498,149_9,0,0,,,,,,,,,,,,,,,,
1499,149_10,0,0,,,,,,,,,,,,,,,,
1500,150_1,0,0,,,,,,,,,,,,,,,,
1501,150_2,0,0,,,,,,,,,,,,,,,,
1502,150_3,0,0,,,,,,,,,,,,,,,,
1503,150_4,0,0,,,,,,,,,,,,,,,,
1504,150_5,0,0,,,,,,,,,,,,,,,,
1505,150_6,0,0,,,,,,,,,,,,,,,,
1506,150_7,0,0,,,,,,,,,,,,,,,,
1507,150_8,0,0,,,,,,,,,,,,,,,,
1508,150_9,0,0,,,,,,,,,,,,,,,,
1509,150_10,0,0,,,,,,,,,,,,,,,,
1510,151_1,0,0,,,,,,,,,,,,,,,,
1511,151_2,0,0,,,,,,,,,,,,,,,,
1512,151_3,0,0,,,,,,,,,,,,,,,,
1513,151_4,0,0,,,,,,,,,,,,,,,,
1514,151_5,0,0,,,,,,,,,,,,,,,,
1515,151_6,0,0,,,,,,,,,,,,,,,,
1516,151_7,0,0,,,,,,,,,,,,,,,,
1517,151_8,0,0,,,,,,,,,,,,,,,,
1518,151_9,0,0,,,,,,,,,,,,,,,,
1519,151_10,0,0,,,,,,,,,,,,,,,,
1520,152_1,0,0,,,,,,,,,,,,,,,,
1521,152_2,0,0,,,,,,,,,,,,,,,,
1522,152_3,0,0,,,,,,,,,,,,,,,,
1523,152_4,0,0,,,,,,,,,,,,,,,,
1524,152_5,0,0,,,,,,,,,,,,,,,,
1525,152_6,0,0,,,,,,,,,,,,,,,,
1526,152_7,0,0,,,,,,,,,,,,,,,,
1527,152_8,0,0,,,,,,,,,,,,,,,,
1528,152_9,0,0,,,,,,,,,,,,,,,,
1529,152_10,0,0,,,,,,,,,,,,,,,,
1530,153_1,0,0,,,,,,,,,,,,,,,,
1531,153_2,0,0,,,,,,,,,,,,,,,,
1532,153_3,0,0,,,,,,,,,,,,,,,,
1533,153_4,0,0,,,,,,,,,,,,,,,,
1534,153_5,0,0,,,,,,,,,,,,,,,,
1535,153_6,0,0,,,,,,,,,,,,,,,,
1536,153_7,0,0,,,,,,,,,,,,,,,,
1537,153_8,0,0,,,,,,,,,,,,,,,,
1538,153_9,0,0,,,,,,,,,,,,,,,,
1539,153_10,0,0,,,,,,,,,,,,,,,,
1540,154_1,0,0,,,,,,,,,,,,,,,,
1541,154_2,0,1,,,,,,,,,,,,,,,,
1542,154_3,1,0,,,,,,,,,,,,,,,,
1543,154_4,2,1,,,,,,,,,,,,,,,,
1544,154_5,0,0,,,,,,,,,,,,,,,,
1545,154_6,0,0,,,,,,,,,,,,,,,,
1546,154_7,0,0,,,,,,,,,,,,,,,,
1547,154_8,0,0,,,,,,,,,,,,,,,,
1548,154_9,0,0,,,,,,,,,,,,,,,,
1549,154_10,0,0,,,,,,,,,,,,,,,,
1550,155_1,0,0,,,,,,,,,,,,,,,,
1551,155_2,0,0,,,,,,,,,,,,,,,,
1552,155_3,0,0,,,,,,,,,,,,,,,,
1553,155_4,2,2,,,,,,,,,,,,,,,,
1554,155_5,2,2,,,,,,,,,,,,,,,,
1555,155_6,2,2,,,,,,,,,,,,,,,,
1556,155_7,0,0,,,,,,,,,,,,,,,,
1557,155_8,0,0,,,,,,,,,,,,,,,,
1558,155_9,0,0,,,,,,,,,,,,,,,,
1559,155_10,0,0,,,,,,,,,,,,,,,,
1560,156_1,0,0,,,,,,,,,,,,,,,,
1561,156_2,0,0,,,,,,,,,,,,,,,,
1562,156_3,0,0,,,,,,,,,,,,,,,,
1563,156_4,0,0,,,,,,,,,,,,,,,,
1564,156_5,0,0,,,,,,,,,,,,,,,,
1565,156_6,0,0,,,,,,,,,,,,,,,,
1566,156_7,0,0,,,,,,,,,,,,,,,,
1567,156_8,0,0,,,,,,,,,,,,,,,,
1568,156_9,0,0,,,,,,,,,,,,,,,,
1569,156_10,0,0,,,,,,,,,,,,,,,,
1570,157_1,0,0,,,,,,,,,,,,,,,,
1571,157_2,0,0,,,,,,,,,,,,,,,,
1572,157_3,0,0,,,,,,,,,,,,,,,,
1573,157_4,0,0,,,,,,,,,,,,,,,,
1574,157_5,0,0,,,,,,,,,,,,,,,,
1575,157_6,3,3,,,,,,,,,,,,,,,,
1576,157_7,0,0,,,,,,,,,,,,,,,,
1577,157_8,0,0,,,,,,,,,,,,,,,,
1578,157_9,0,0,,,,,,,,,,,,,,,,
1579,157_10,0,0,,,,,,,,,,,,,,,,
1580,158_1,0,0,,,,,,,,,,,,,,,,
1581,158_2,0,0,,,,,,,,,,,,,,,,
1582,158_3,0,0,,,,,,,,,,,,,,,,
1583,158_4,0,0,,,,,,,,,,,,,,,,
1584,158_5,0,0,,,,,,,,,,,,,,,,
1585,158_6,0,0,,,,,,,,,,,,,,,,
1586,158_7,0,0,,,,,,,,,,,,,,,,
1587,158_8,0,0,,,,,,,,,,,,,,,,
1588,158_9,0,0,,,,,,,,,,,,,,,,
1589,158_10,0,0,,,,,,,,,,,,,,,,
1590,159_1,0,0,,,,,,,,,,,,,,,,
1591,159_2,0,0,,,,,,,,,,,,,,,,
1592,159_3,0,0,,,,,,,,,,,,,,,,
1593,159_4,0,0,,,,,,,,,,,,,,,,
1594,159_5,3,3,,,,,,,,,,,,,,,,
1595,159_6,0,0,,,,,,,,,,,,,,,,
1596,159_7,0,0,,,,,,,,,,,,,,,,
1597,159_8,0,0,,,,,,,,,,,,,,,,
1598,159_9,0,0,,,,,,,,,,,,,,,,
1599,159_10,0,0,,,,,,,,,,,,,,,,
1600,160_1,0,0,,,,,,,,,,,,,,,,
1601,160_2,0,0,,,,,,,,,,,,,,,,
1602,160_3,0,0,,,,,,,,,,,,,,,,
1603,160_4,3,3,,,,,,,,,,,,,,,,
1604,160_5,3,3,,,,,,,,,,,,,,,,
1605,160_6,0,0,,,,,,,,,,,,,,,,
1606,160_7,0,0,,,,,,,,,,,,,,,,
1607,160_8,0,0,,,,,,,,,,,,,,,,
1608,160_9,0,0,,,,,,,,,,,,,,,,
1609,160_10,0,0,,,,,,,,,,,,,,,,
1610,161_1,0,0,,,,,,,,,,,,,,,,
1611,161_2,0,0,,,,,,,,,,,,,,,,
1612,161_3,3,0,,,,,,,,,,,,,,,,
1613,161_4,0,0,,,,,,,,,,,,,,,,
1614,161_5,0,0,,,,,,,,,,,,,,,,
1615,161_6,0,0,,,,,,,,,,,,,,,,
1616,161_7,0,0,,,,,,,,,,,,,,,,
1617,161_8,0,0,,,,,,,,,,,,,,,,
1618,161_9,0,0,,,,,,,,,,,,,,,,
1619,161_10,0,0,,,,,,,,,,,,,,,,
1620,162_1,0,0,,,,,,,,,,,,,,,,
1621,162_2,0,0,,,,,,,,,,,,,,,,
1622,162_3,0,0,,,,,,,,,,,,,,,,
1623,162_4,0,0,,,,,,,,,,,,,,,,
1624,162_5,0,0,,,,,,,,,,,,,,,,
1625,162_6,0,0,,,,,,,,,,,,,,,,
1626,162_7,0,0,,,,,,,,,,,,,,,,
1627,162_8,0,0,,,,,,,,,,,,,,,,
1628,162_9,0,0,,,,,,,,,,,,,,,,
1629,162_10,0,0,,,,,,,,,,,,,,,,
1630,163_1,0,0,,,,,,,,,,,,,,,,
1631,163_2,0,0,,,,,,,,,,,,,,,,
1632,163_3,0,0,,,,,,,,,,,,,,,,
1633,163_4,0,0,,,,,,,,,,,,,,,,
1634,163_5,0,0,,,,,,,,,,,,,,,,
1635,163_6,0,0,,,,,,,,,,,,,,,,
1636,163_7,0,0,,,,,,,,,,,,,,,,
1637,163_8,0,0,,,,,,,,,,,,,,,,
1638,163_9,0,0,,,,,,,,,,,,,,,,
1639,163_10,0,0,,,,,,,,,,,,,,,,
